Market,Commodity,mean_price,volatility,mean_deviation,risk_cluster
Bihar_Market_0,Maize,1900.657905,195.2256118,0.132323693,1
Bihar_Market_0,Mustard,5202.080748,544.7621924,0.262399801,0
Bihar_Market_0,Onion,1494.264677,153.8458254,-0.119314088,1
Bihar_Market_0,Potato,1204.707005,124.7882078,0.602690783,2
Bihar_Market_0,Rice,2800.074789,297.4234125,0.108720537,1
Bihar_Market_0,Soybean,4212.040584,435.1132295,0.455521512,0
Bihar_Market_0,Tomato,1803.980657,188.896523,0.398422388,2
Bihar_Market_0,Wheat,2202.496139,244.29969,0.257054818,2
Bihar_Market_1,Maize,1898.135528,195.166621,0.04760234,1
Bihar_Market_1,Mustard,5209.622006,587.5129202,0.388311826,0
Bihar_Market_1,Onion,1502.673357,158.1823211,0.373844307,2
Bihar_Market_1,Potato,1197.678327,128.0317383,0.053008239,1
Bihar_Market_1,Rice,2798.227273,292.0280671,0.077614532,1
Bihar_Market_1,Soybean,4210.702516,434.4299507,0.396397264,0
Bihar_Market_1,Tomato,1807.962925,193.6120474,0.566536884,2
Bihar_Market_1,Wheat,2207.598934,230.2084335,0.482664619,2
Bihar_Market_10,Maize,1901.610371,198.5482818,0.286725618,2
Bihar_Market_10,Mustard,5205.914825,559.1189764,0.240576874,0
Bihar_Market_10,Onion,1501.14323,154.0711915,0.274486253,2
Bihar_Market_10,Potato,1198.076962,123.8742842,0.049725122,1
Bihar_Market_10,Rice,2787.279874,292.7645553,-0.339522823,1
Bihar_Market_10,Soybean,4216.272211,428.9698895,0.501327291,0
Bihar_Market_10,Tomato,1800.590839,185.1649034,0.19893343,1
Bihar_Market_10,Wheat,2199.728906,230.8250444,0.139141678,1
Bihar_Market_11,Maize,1894.080225,200.0956392,-0.170506828,1
Bihar_Market_11,Mustard,5180.260993,536.5659902,-0.21229776,3
Bihar_Market_11,Onion,1500.210314,153.9840837,0.203142912,1
Bihar_Market_11,Potato,1198.812748,123.3978786,0.083911655,1
Bihar_Market_11,Rice,2797.3,294.9436513,0.050248026,1
Bihar_Market_11,Soybean,4201.068966,447.8958373,0.160661547,3
Bihar_Market_11,Tomato,1800.137624,182.5326429,0.2223216,1
Bihar_Market_11,Wheat,2194.828702,235.4487343,-0.089271062,1
Bihar_Market_12,Maize,1902.429634,195.4180482,0.335877404,2
Bihar_Market_12,Mustard,5214.717454,548.5571223,0.484641746,0
Bihar_Market_12,Onion,1501.850782,159.805956,0.301078546,2
Bihar_Market_12,Potato,1197.701048,126.0735762,-0.033342524,1
Bihar_Market_12,Rice,2799.645702,285.104789,0.08715605,1
Bihar_Market_12,Soybean,4207.245882,446.7166464,0.343613769,0
Bihar_Market_12,Tomato,1801.534255,197.4947855,0.298054223,2
Bihar_Market_12,Wheat,2200.073103,225.4168674,0.163004615,1
Bihar_Market_13,Maize,1903.295464,198.8401442,0.31525321,2
Bihar_Market_13,Mustard,5207.371763,552.6824935,0.304287293,0
Bihar_Market_13,Onion,1501.798342,157.3835367,0.376582168,2
Bihar_Market_13,Potato,1198.363147,126.4634429,0.062711774,1
Bihar_Market_13,Rice,2811.963803,300.8716695,0.500083886,2
Bihar_Market_13,Soybean,4206.971897,466.6820568,0.249689933,0
Bihar_Market_13,Tomato,1804.296805,188.2204241,0.436603544,2
Bihar_Market_13,Wheat,2203.515146,225.1213625,0.253430234,2
Bihar_Market_14,Maize,1901.99805,194.5624903,0.2753084,2
Bihar_Market_14,Mustard,5199.198824,533.8191623,0.191511568,3
Bihar_Market_14,Onion,1500.68848,155.4604727,0.274596895,2
Bihar_Market_14,Potato,1198.245079,122.3171348,-0.003045646,1
Bihar_Market_14,Rice,2799.304833,292.8767502,0.120868252,1
Bihar_Market_14,Soybean,4197.068767,455.1729772,0.04449977,3
Bihar_Market_14,Tomato,1798.811462,179.7537726,0.133386634,1
Bihar_Market_14,Wheat,2213.244537,233.9347958,0.689627118,2
Bihar_Market_15,Maize,1896.445455,201.4006348,-0.041132778,1
Bihar_Market_15,Mustard,5196.496003,541.1972276,0.139892416,3
Bihar_Market_15,Onion,1499.198731,160.9305674,0.105210501,1
Bihar_Market_15,Potato,1201.517537,126.5657755,0.407894903,2
Bihar_Market_15,Rice,2801.173787,295.1214998,0.196885348,1
Bihar_Market_15,Soybean,4200.99227,431.9417931,0.1605771,3
Bihar_Market_15,Tomato,1798.618034,187.2733225,0.227283524,1
Bihar_Market_15,Wheat,2198.008641,235.6754853,0.064226086,1
Bihar_Market_16,Maize,1898.803073,204.6965956,0.141468371,1
Bihar_Market_16,Mustard,5220.754288,555.3392547,0.546413736,0
Bihar_Market_16,Onion,1506.43302,152.7948427,0.672616384,2
Bihar_Market_16,Potato,1198.401815,126.8153325,0.152035485,1
Bihar_Market_16,Rice,2796.995312,287.1741248,0.001754499,1
Bihar_Market_16,Soybean,4205.19004,432.9789429,0.207707749,3
Bihar_Market_16,Tomato,1799.431634,183.3651725,0.101516171,1
Bihar_Market_16,Wheat,2197.765681,228.9516725,0.071222624,1
Bihar_Market_17,Maize,1901.774373,197.6128236,0.29722338,2
Bihar_Market_17,Mustard,5202.20625,552.6820531,0.204126783,3
Bihar_Market_17,Onion,1495.073895,152.5251679,-0.114181098,1
Bihar_Market_17,Potato,1199.069751,123.7847794,0.125480014,1
Bihar_Market_17,Rice,2792.57137,287.9237935,-0.122996812,1
Bihar_Market_17,Soybean,4199.184066,428.3929226,0.151043576,3
Bihar_Market_17,Tomato,1797.340098,187.1718095,0.026002345,1
Bihar_Market_17,Wheat,2195.252625,239.0288745,-0.076225775,1
Bihar_Market_18,Maize,1901.924753,201.1857796,0.19989956,1
Bihar_Market_18,Mustard,5186.874695,558.1978005,-0.121250585,3
Bihar_Market_18,Onion,1504.037689,160.6710474,0.397591971,2
Bihar_Market_18,Potato,1202.415525,122.6300409,0.396183796,2
Bihar_Market_18,Rice,2803.45661,285.6712531,0.323849741,2
Bihar_Market_18,Soybean,4190.152422,424.3816347,-0.111223715,3
Bihar_Market_18,Tomato,1800.248806,186.4150768,0.177569211,1
Bihar_Market_18,Wheat,2198.795253,239.3638717,0.081543566,1
Bihar_Market_19,Maize,1906.518207,212.2701685,0.459294949,2
Bihar_Market_19,Mustard,5195.95738,546.3364731,0.105180557,3
Bihar_Market_19,Onion,1499.121627,158.057396,0.14591734,1
Bihar_Market_19,Potato,1199.792583,130.1727044,0.175168422,1
Bihar_Market_19,Rice,2796.813963,292.8482089,0.093482302,1
Bihar_Market_19,Soybean,4190.160221,457.4279519,-0.16538104,3
Bihar_Market_19,Tomato,1806.703586,182.569034,0.542258262,2
Bihar_Market_19,Wheat,2195.184428,223.2519864,0.013311473,1
Bihar_Market_2,Maize,1897.326846,193.6952674,0.013303066,1
Bihar_Market_2,Mustard,5185.568807,533.2789331,-0.08080205,3
Bihar_Market_2,Onion,1502.386714,164.6317835,0.332477101,2
Bihar_Market_2,Potato,1196.291024,125.895133,-0.076593173,1
Bihar_Market_2,Rice,2793.15068,287.6742515,-0.108545676,1
Bihar_Market_2,Soybean,4188.889754,429.835166,-0.107066501,3
Bihar_Market_2,Tomato,1797.506898,193.4919597,0.019208535,1
Bihar_Market_2,Wheat,2200.427387,222.6755415,0.189741102,1
Bihar_Market_20,Maize,1897.879481,206.834082,0.109327788,1
Bihar_Market_20,Mustard,5196.837634,551.1011868,0.101084222,3
Bihar_Market_20,Onion,1500.097456,160.2370207,0.156947444,1
Bihar_Market_20,Potato,1199.814118,122.238889,0.1759027,1
Bihar_Market_20,Rice,2805.456455,302.3075296,0.287380065,2
Bihar_Market_20,Soybean,4218.783128,431.1247135,0.60152931,0
Bihar_Market_20,Tomato,1801.451313,186.5550724,0.236327887,2
Bihar_Market_20,Wheat,2202.80739,235.5395289,0.275475681,2
Bihar_Market_21,Maize,1902.052983,201.3534152,0.248764512,2
Bihar_Market_21,Mustard,5207.17502,545.9476561,0.286927942,0
Bihar_Market_21,Onion,1501.626719,163.8615785,0.302180969,2
Bihar_Market_21,Potato,1196.748787,122.9322973,-0.095227374,1
Bihar_Market_21,Rice,2808.648209,286.2903989,0.370118999,2
Bihar_Market_21,Soybean,4207.548439,449.479862,0.363942587,0
Bihar_Market_21,Tomato,1802.185785,192.4022359,0.25965761,2
Bihar_Market_21,Wheat,2205.127081,235.1389855,0.363163847,2
Bihar_Market_22,Maize,1903.085985,209.8468088,0.323903257,2
Bihar_Market_22,Mustard,5211.864198,530.4978199,0.461549063,0
Bihar_Market_22,Onion,1506.538469,157.1526296,0.64113557,2
Bihar_Market_22,Potato,1197.594096,127.2017407,-0.005884872,1
Bihar_Market_22,Rice,2795.651072,294.7144812,0.008654241,1
Bihar_Market_22,Soybean,4200.055717,416.74576,0.10746884,3
Bihar_Market_22,Tomato,1798.579343,190.3210816,0.114431951,1
Bihar_Market_22,Wheat,2203.631375,233.9083572,0.339473517,2
Bihar_Market_23,Maize,1903.591663,196.5728601,0.321583153,2
Bihar_Market_23,Mustard,5192.299882,542.1102176,0.131617879,3
Bihar_Market_23,Onion,1499.352268,161.5315434,0.145162391,1
Bihar_Market_23,Potato,1200.891502,122.9185069,0.261745507,2
Bihar_Market_23,Rice,2804.577539,292.4486896,0.292147965,2
Bihar_Market_23,Soybean,4204.423061,459.0602519,0.235151527,0
Bihar_Market_23,Tomato,1802.203363,185.7297125,0.302522784,2
Bihar_Market_23,Wheat,2203.720981,231.7831644,0.320477795,2
Bihar_Market_24,Maize,1897.970257,197.7046631,0.101772488,1
Bihar_Market_24,Mustard,5207.573552,559.8541211,0.344215612,0
Bihar_Market_24,Onion,1498.04679,153.9984656,0.041494378,1
Bihar_Market_24,Potato,1203.036263,126.2713059,0.534912891,2
Bihar_Market_24,Rice,2808.236692,298.0570348,0.397763503,2
Bihar_Market_24,Soybean,4211.496261,434.7387283,0.411912722,0
Bihar_Market_24,Tomato,1797.506467,187.9610147,0.009029216,1
Bihar_Market_24,Wheat,2201.421907,226.7236617,0.253063071,2
Bihar_Market_3,Maize,1894.974029,195.16692,-0.10307492,1
Bihar_Market_3,Mustard,5194.130225,538.2250916,0.109401995,3
Bihar_Market_3,Onion,1498.250498,152.5814897,0.063778267,1
Bihar_Market_3,Potato,1199.004853,120.6722123,0.116522897,1
Bihar_Market_3,Rice,2804.869023,316.1211692,0.288675492,2
Bihar_Market_3,Soybean,4193.480131,433.9745234,-0.023734885,3
Bihar_Market_3,Tomato,1804.845214,193.3949354,0.468862145,2
Bihar_Market_3,Wheat,2198.798493,234.8809565,0.095763227,1
Bihar_Market_4,Maize,1907.024428,201.9171049,0.556550915,2
Bihar_Market_4,Mustard,5182.517381,550.0270543,-0.159989671,3
Bihar_Market_4,Onion,1500.93793,159.0907168,0.323969743,2
Bihar_Market_4,Potato,1199.564998,125.8004601,0.191512442,1
Bihar_Market_4,Rice,2799.067023,294.1786347,0.098817477,1
Bihar_Market_4,Soybean,4193.1827,420.4360797,-0.041638324,3
Bihar_Market_4,Tomato,1797.317917,185.3173201,0.044235882,1
Bihar_Market_4,Wheat,2202.530402,225.3706361,0.160458093,1
Bihar_Market_5,Maize,1902.778319,202.1291099,0.356613332,2
Bihar_Market_5,Mustard,5219.861732,532.1928113,0.593602967,0
Bihar_Market_5,Onion,1504.099312,154.7328278,0.49100309,2
Bihar_Market_5,Potato,1199.442095,122.8792779,0.176223061,1
Bihar_Market_5,Rice,2797.604335,284.4413035,0.030488225,1
Bihar_Market_5,Soybean,4213.026121,452.9414781,0.42943342,0
Bihar_Market_5,Tomato,1806.326635,187.7546991,0.553370431,2
Bihar_Market_5,Wheat,2194.982986,232.1462228,-0.100497076,1
Bihar_Market_6,Maize,1901.908362,196.3772717,0.224828385,1
Bihar_Market_6,Mustard,5203.270052,536.9156111,0.275576947,0
Bihar_Market_6,Onion,1503.1625,162.6762976,0.496543103,2
Bihar_Market_6,Potato,1200.344619,131.8677902,0.261610472,2
Bihar_Market_6,Rice,2800.123811,289.0599092,0.149593917,1
Bihar_Market_6,Soybean,4197.370546,435.4493058,0.001441721,3
Bihar_Market_6,Tomato,1798.654245,182.0143974,0.134278621,1
Bihar_Market_6,Wheat,2205.075684,228.1403269,0.391296236,2
Bihar_Market_7,Maize,1909.531824,202.6636872,0.636506639,2
Bihar_Market_7,Mustard,5183.662423,551.9982295,-0.11165233,3
Bihar_Market_7,Onion,1503.937451,155.7079807,0.462743635,2
Bihar_Market_7,Potato,1197.972954,123.3231504,0.063291976,1
Bihar_Market_7,Rice,2805.566384,288.9710925,0.381931463,2
Bihar_Market_7,Soybean,4207.859338,433.9089406,0.333946156,0
Bihar_Market_7,Tomato,1805.293673,192.0937212,0.490758155,2
Bihar_Market_7,Wheat,2203.967339,227.9519327,0.374636579,2
Bihar_Market_8,Maize,1900.191637,200.9069359,0.121863362,1
Bihar_Market_8,Mustard,5205.780614,546.91228,0.288086449,0
Bihar_Market_8,Onion,1496.828194,160.2124582,-0.005925126,1
Bihar_Market_8,Potato,1197.503981,125.3693863,-0.050564785,1
Bihar_Market_8,Rice,2804.406653,297.9447374,0.282953178,2
Bihar_Market_8,Soybean,4204.17784,424.6017975,0.176761679,3
Bihar_Market_8,Tomato,1805.119146,191.5563448,0.472967247,2
Bihar_Market_8,Wheat,2193.245034,224.9089713,-0.152115194,1
Bihar_Market_9,Maize,1900.978746,192.9317653,0.23754135,2
Bihar_Market_9,Mustard,5208.609091,541.0408102,0.366409861,0
Bihar_Market_9,Onion,1503.433747,157.1081053,0.379851419,2
Bihar_Market_9,Potato,1203.951166,121.2517355,0.558534731,2
Bihar_Market_9,Rice,2808.700443,305.3484845,0.399230781,2
Bihar_Market_9,Soybean,4207.921592,450.8215441,0.335360468,0
Bihar_Market_9,Tomato,1794.210337,186.8224727,-0.147488928,1
Bihar_Market_9,Wheat,2206.301552,233.8192763,0.45936448,2
Gujarat_Market_0,Maize,1901.90497,195.7372304,0.329516839,2
Gujarat_Market_0,Mustard,5202.95489,535.217818,0.351759128,0
Gujarat_Market_0,Onion,1502.406115,157.1811884,0.237563239,2
Gujarat_Market_0,Potato,1199.684308,124.3479806,0.184064544,1
Gujarat_Market_0,Rice,2808.873019,286.8651096,0.583858353,2
Gujarat_Market_0,Soybean,4204.182975,435.5137257,0.328393633,0
Gujarat_Market_0,Tomato,1796.726756,187.3032381,0.109527393,1
Gujarat_Market_0,Wheat,2201.475946,223.2249443,0.315739555,2
Gujarat_Market_1,Maize,1900.613516,195.037815,0.246361254,2
Gujarat_Market_1,Mustard,5205.837255,552.9638308,0.379141651,0
Gujarat_Market_1,Onion,1495.928585,153.7367426,-0.088510624,1
Gujarat_Market_1,Potato,1202.702424,125.5676873,0.465198094,2
Gujarat_Market_1,Rice,2812.613553,296.3615951,0.681181451,2
Gujarat_Market_1,Soybean,4200.833917,449.0564826,0.240142265,0
Gujarat_Market_1,Tomato,1794.295803,192.0648474,0.015617296,1
Gujarat_Market_1,Wheat,2198.43516,230.7591876,0.205976292,1
Gujarat_Market_10,Maize,1898.056712,197.3838197,0.101786622,1
Gujarat_Market_10,Mustard,5169.397166,533.4293351,-0.294211673,3
Gujarat_Market_10,Onion,1503.025774,164.0031505,0.337871668,2
Gujarat_Market_10,Potato,1199.412784,128.5877848,0.173081503,1
Gujarat_Market_10,Rice,2795.336698,283.0226349,0.044533027,1
Gujarat_Market_10,Soybean,4205.252661,437.0282148,0.391992924,0
Gujarat_Market_10,Tomato,1801.332943,190.7883888,0.389070441,2
Gujarat_Market_10,Wheat,2202.048872,237.3884903,0.389438898,2
Gujarat_Market_11,Maize,1905.725306,203.6505738,0.423609397,2
Gujarat_Market_11,Mustard,5181.473022,546.5688976,-0.034556706,3
Gujarat_Market_11,Onion,1504.281462,160.8321606,0.415631194,2
Gujarat_Market_11,Potato,1201.325844,126.4018503,0.361034119,2
Gujarat_Market_11,Rice,2801.381822,296.4827282,0.31223517,2
Gujarat_Market_11,Soybean,4182.099246,434.6459083,-0.131181327,3
Gujarat_Market_11,Tomato,1801.840032,180.6587334,0.366284334,2
Gujarat_Market_11,Wheat,2203.507541,230.3356032,0.468379907,2
Gujarat_Market_12,Maize,1901.613846,213.666024,0.260510317,2
Gujarat_Market_12,Mustard,5179.003764,508.8198154,-0.069490018,3
Gujarat_Market_12,Onion,1503.049777,155.5961669,0.451170151,2
Gujarat_Market_12,Potato,1200.614865,124.3318199,0.23811823,2
Gujarat_Market_12,Rice,2808.923153,299.0147921,0.558628172,2
Gujarat_Market_12,Soybean,4205.515039,452.8792805,0.38445625,0
Gujarat_Market_12,Tomato,1798.526614,184.9891671,0.189710885,1
Gujarat_Market_12,Wheat,2204.417279,223.9743466,0.412999769,2
Gujarat_Market_13,Maize,1903.697955,199.6918913,0.380475457,2
Gujarat_Market_13,Mustard,5206.446015,545.647185,0.374026478,0
Gujarat_Market_13,Onion,1500.816964,157.8925772,0.168932584,1
Gujarat_Market_13,Potato,1198.807064,124.8976359,0.111207764,1
Gujarat_Market_13,Rice,2808.500601,285.82544,0.533436537,2
Gujarat_Market_13,Soybean,4194.967768,447.3636417,0.07167188,3
Gujarat_Market_13,Tomato,1798.29685,180.2053487,0.220927278,1
Gujarat_Market_13,Wheat,2197.757006,221.1848899,0.142232843,1
Gujarat_Market_14,Maize,1899.190835,196.8178186,0.19984008,1
Gujarat_Market_14,Mustard,5185.248006,563.9930795,0.041010007,3
Gujarat_Market_14,Onion,1501.018617,159.1676228,0.242248477,2
Gujarat_Market_14,Potato,1197.848026,124.3476418,0.068888665,1
Gujarat_Market_14,Rice,2798.178244,285.802244,0.159144776,1
Gujarat_Market_14,Soybean,4199.627258,428.9006383,0.102467717,3
Gujarat_Market_14,Tomato,1799.457627,192.3332635,0.276739466,2
Gujarat_Market_14,Wheat,2194.137605,225.7089179,0.048537837,1
Gujarat_Market_15,Maize,1902.72856,208.8606173,0.376078083,2
Gujarat_Market_15,Mustard,5193.170703,527.1003915,0.180304231,3
Gujarat_Market_15,Onion,1500.179526,155.5164482,0.115111097,1
Gujarat_Market_15,Potato,1198.174139,123.7611485,0.117442046,1
Gujarat_Market_15,Rice,2799.317514,289.1197243,0.279105308,2
Gujarat_Market_15,Soybean,4190.856747,440.3681866,0.025046855,3
Gujarat_Market_15,Tomato,1799.221044,184.8223338,0.216705987,1
Gujarat_Market_15,Wheat,2201.740691,220.0108247,0.310398702,2
Gujarat_Market_16,Maize,1904.61249,201.1631604,0.449835346,2
Gujarat_Market_16,Mustard,5190.537706,527.813593,0.096338355,3
Gujarat_Market_16,Onion,1497.908697,159.5434042,0.054592187,1
Gujarat_Market_16,Potato,1197.939047,129.7131479,0.055291408,1
Gujarat_Market_16,Rice,2807.42557,292.3046872,0.490463751,2
Gujarat_Market_16,Soybean,4195.331744,431.2429756,0.092868725,3
Gujarat_Market_16,Tomato,1800.124847,185.613968,0.329967155,2
Gujarat_Market_16,Wheat,2209.016966,231.6550272,0.629079398,2
Gujarat_Market_17,Maize,1902.087972,198.3388492,0.321536464,2
Gujarat_Market_17,Mustard,5185.205917,544.0959198,-0.000296852,3
Gujarat_Market_17,Onion,1503.596047,162.0552498,0.373332482,2
Gujarat_Market_17,Potato,1202.282258,120.1032081,0.477855897,2
Gujarat_Market_17,Rice,2799.511655,288.2093472,0.2009687,1
Gujarat_Market_17,Soybean,4213.387697,433.2660941,0.532873569,0
Gujarat_Market_17,Tomato,1803.651431,189.1369772,0.493921976,2
Gujarat_Market_17,Wheat,2201.127797,233.1890329,0.392147932,2
Gujarat_Market_18,Maize,1901.073841,198.1119131,0.227511367,1
Gujarat_Market_18,Mustard,5203.732283,546.4351845,0.382256812,0
Gujarat_Market_18,Onion,1499.601749,156.9092746,0.02458104,1
Gujarat_Market_18,Potato,1202.503215,130.0774722,0.398518186,2
Gujarat_Market_18,Rice,2791.440187,280.7627305,-0.112005888,1
Gujarat_Market_18,Soybean,4209.85123,435.0034875,0.465559322,0
Gujarat_Market_18,Tomato,1799.149546,182.5493593,0.267013643,2
Gujarat_Market_18,Wheat,2202.755336,228.5120683,0.373017272,2
Gujarat_Market_19,Maize,1898.452283,197.7073332,0.115266695,1
Gujarat_Market_19,Mustard,5192.610342,564.1693601,0.190490648,3
Gujarat_Market_19,Onion,1500.336833,150.7221316,0.131615022,1
Gujarat_Market_19,Potato,1198.456182,118.9443416,0.083118348,1
Gujarat_Market_19,Rice,2798.830835,297.5895068,0.224446503,1
Gujarat_Market_19,Soybean,4199.337163,448.1734539,0.180542633,3
Gujarat_Market_19,Tomato,1794.58283,185.8419303,-0.0176596,1
Gujarat_Market_19,Wheat,2198.515192,227.902524,0.206866017,1
Gujarat_Market_2,Maize,1902.687103,197.147092,0.362495811,2
Gujarat_Market_2,Mustard,5191.979592,544.1653973,0.121633864,3
Gujarat_Market_2,Onion,1506.528009,157.4985058,0.567707665,2
Gujarat_Market_2,Potato,1196.706479,125.3817015,0.009178364,1
Gujarat_Market_2,Rice,2800.903053,298.0508353,0.290153318,2
Gujarat_Market_2,Soybean,4205.250493,464.0046692,0.255688491,0
Gujarat_Market_2,Tomato,1794.627467,185.9398514,-0.057664719,1
Gujarat_Market_2,Wheat,2200.057953,233.7128874,0.286644001,2
Gujarat_Market_20,Maize,1893.862006,194.8620578,-0.130940155,1
Gujarat_Market_20,Mustard,5194.367834,542.9276319,0.230903706,0
Gujarat_Market_20,Onion,1501.762445,159.3976922,0.235292636,2
Gujarat_Market_20,Potato,1200.273518,126.264935,0.242845464,2
Gujarat_Market_20,Rice,2794.797265,290.8054532,-0.004327742,1
Gujarat_Market_20,Soybean,4214.133118,449.7984483,0.515935784,0
Gujarat_Market_20,Tomato,1798.70111,187.0714168,0.203408127,1
Gujarat_Market_20,Wheat,2190.540984,227.7934999,-0.205328472,1
Gujarat_Market_21,Maize,1899.174456,200.2654873,0.144670977,1
Gujarat_Market_21,Mustard,5204.118086,556.7941895,0.408766755,0
Gujarat_Market_21,Onion,1502.014483,160.8877109,0.321166614,2
Gujarat_Market_21,Potato,1204.622205,132.4986614,0.701687967,2
Gujarat_Market_21,Rice,2805.181836,288.920372,0.446025938,2
Gujarat_Market_21,Soybean,4205.918548,427.1347844,0.313108817,0
Gujarat_Market_21,Tomato,1800.866347,190.2090506,0.367363177,2
Gujarat_Market_21,Wheat,2208.94417,241.409256,0.690950317,2
Gujarat_Market_22,Maize,1896.386578,201.2520714,0.063853887,1
Gujarat_Market_22,Mustard,5216.308002,563.4097849,0.711427134,0
Gujarat_Market_22,Onion,1506.004399,161.8575211,0.497736363,2
Gujarat_Market_22,Potato,1200.427255,127.2682572,0.285137661,2
Gujarat_Market_22,Rice,2797.952826,296.7247097,0.164559517,1
Gujarat_Market_22,Soybean,4203.980316,422.8303634,0.240108672,0
Gujarat_Market_22,Tomato,1796.124648,178.4206808,0.06007365,1
Gujarat_Market_22,Wheat,2211.025915,249.16684,0.778395744,2
Gujarat_Market_23,Maize,1899.494532,205.6106937,0.163444567,1
Gujarat_Market_23,Mustard,5206.823769,554.2669164,0.417961916,0
Gujarat_Market_23,Onion,1501.426876,163.8540877,0.235477574,2
Gujarat_Market_23,Potato,1197.629923,122.4934632,0.056280494,1
Gujarat_Market_23,Rice,2794.549068,290.937282,0.020674247,1
Gujarat_Market_23,Soybean,4198.949451,424.1828631,0.155287776,3
Gujarat_Market_23,Tomato,1800.258058,193.1324646,0.344358808,2
Gujarat_Market_23,Wheat,2194.429006,229.3277021,0.048189891,1
Gujarat_Market_24,Maize,1895.278393,207.7118693,0.020547258,1
Gujarat_Market_24,Mustard,5179.431882,550.3399749,-0.110189496,3
Gujarat_Market_24,Onion,1504.035685,157.3088118,0.325875334,2
Gujarat_Market_24,Potato,1197.643028,124.9633792,0.012909236,1
Gujarat_Market_24,Rice,2796.167339,295.563901,0.083498375,1
Gujarat_Market_24,Soybean,4200.30449,435.6451315,0.222678731,0
Gujarat_Market_24,Tomato,1798.757028,186.2732142,0.242908752,2
Gujarat_Market_24,Wheat,2205.865197,224.5777645,0.553032992,2
Gujarat_Market_3,Maize,1906.002977,204.2344332,0.527755623,2
Gujarat_Market_3,Mustard,5198.186414,574.8864489,0.265952962,0
Gujarat_Market_3,Onion,1501.622278,155.9759466,0.214305324,1
Gujarat_Market_3,Potato,1197.926411,125.1049299,0.088586952,1
Gujarat_Market_3,Rice,2796.425269,298.9754556,0.143610985,1
Gujarat_Market_3,Soybean,4196.519984,434.4336403,0.10339391,3
Gujarat_Market_3,Tomato,1801.480731,190.3199276,0.355162095,2
Gujarat_Market_3,Wheat,2199.252644,219.6697276,0.235988799,2
Gujarat_Market_4,Maize,1897.285372,202.5832631,0.016496258,1
Gujarat_Market_4,Mustard,5205.531509,535.1435577,0.430946468,0
Gujarat_Market_4,Onion,1500.989984,157.8303924,0.199502198,1
Gujarat_Market_4,Potato,1203.856232,128.211337,0.612597589,2
Gujarat_Market_4,Rice,2803.465049,287.4269605,0.374905533,2
Gujarat_Market_4,Soybean,4208.88357,447.2815709,0.407537558,0
Gujarat_Market_4,Tomato,1795.158892,188.4943192,0.013063822,1
Gujarat_Market_4,Wheat,2194.458431,228.137764,-0.037230128,1
Gujarat_Market_5,Maize,1897.577662,202.9298953,0.102778191,1
Gujarat_Market_5,Mustard,5195.343176,547.9826472,0.223425708,0
Gujarat_Market_5,Onion,1496.482864,156.2903375,-0.139056474,1
Gujarat_Market_5,Potato,1201.218317,124.4819696,0.272589974,2
Gujarat_Market_5,Rice,2798.954779,286.5312885,0.233197537,1
Gujarat_Market_5,Soybean,4203.74828,433.6069992,0.322353082,0
Gujarat_Market_5,Tomato,1803.205191,194.2335373,0.477647823,2
Gujarat_Market_5,Wheat,2200.245335,235.2283466,0.315014854,2
Gujarat_Market_6,Maize,1902.857397,202.7951996,0.329901379,2
Gujarat_Market_6,Mustard,5210.5,550.5255968,0.480391101,0
Gujarat_Market_6,Onion,1502.642609,153.619177,0.286987336,2
Gujarat_Market_6,Potato,1200.530279,123.6862848,0.264997222,2
Gujarat_Market_6,Rice,2802.697041,297.4361534,0.321066708,2
Gujarat_Market_6,Soybean,4208.918972,452.9761796,0.387124123,0
Gujarat_Market_6,Tomato,1794.623622,190.9768469,0.016156108,1
Gujarat_Market_6,Wheat,2188.45681,221.5479746,-0.240805224,1
Gujarat_Market_7,Maize,1903.001627,207.6256434,0.317459765,2
Gujarat_Market_7,Mustard,5202.580242,549.198908,0.315621329,0
Gujarat_Market_7,Onion,1500.943818,151.6282938,0.204488606,1
Gujarat_Market_7,Potato,1198.841584,126.2586139,0.152933033,1
Gujarat_Market_7,Rice,2795.162379,300.6793102,0.083350647,1
Gujarat_Market_7,Soybean,4201.727597,453.2662689,0.184459182,3
Gujarat_Market_7,Tomato,1797.241807,189.1694485,0.130403535,1
Gujarat_Market_7,Wheat,2196.895281,222.7110903,0.164947145,1
Gujarat_Market_8,Maize,1898.254684,194.8517151,0.100656399,1
Gujarat_Market_8,Mustard,5199.681096,531.6597859,0.313517076,0
Gujarat_Market_8,Onion,1497.585084,162.7910295,-0.012093638,1
Gujarat_Market_8,Potato,1196.788696,131.1387367,-0.016238965,1
Gujarat_Market_8,Rice,2797.068145,293.1555672,0.148832857,1
Gujarat_Market_8,Soybean,4206.889073,433.7975763,0.344005983,0
Gujarat_Market_8,Tomato,1798.938142,186.2345822,0.209185225,1
Gujarat_Market_8,Wheat,2204.124437,229.5728132,0.422075974,2
Gujarat_Market_9,Maize,1901.948083,201.14957,0.303858459,2
Gujarat_Market_9,Mustard,5183.487987,526.0997302,0.003783728,3
Gujarat_Market_9,Onion,1503.367218,161.3123588,0.332714687,2
Gujarat_Market_9,Potato,1205.018406,128.7341354,0.633279843,2
Gujarat_Market_9,Rice,2800.860222,298.3735937,0.254018022,2
Gujarat_Market_9,Soybean,4203.193281,455.5422883,0.251748282,0
Gujarat_Market_9,Tomato,1797.424273,188.9639367,0.197821166,1
Gujarat_Market_9,Wheat,2201.776146,233.6590921,0.338696259,2
Haryana_Market_0,Maize,1905.891736,205.8404468,0.473906719,2
Haryana_Market_0,Mustard,5188.663035,544.2484915,0.071215455,3
Haryana_Market_0,Onion,1500.749797,163.3684101,0.26289722,2
Haryana_Market_0,Potato,1200.52282,127.2613234,0.16547291,1
Haryana_Market_0,Rice,2803.420565,287.6004631,0.290818265,2
Haryana_Market_0,Soybean,4197.783189,433.1310089,0.016099109,3
Haryana_Market_0,Tomato,1809.649493,184.0577412,0.713804917,2
Haryana_Market_0,Wheat,2199.041831,220.6177824,0.111858965,1
Haryana_Market_1,Maize,1904.951873,207.6806945,0.405165125,2
Haryana_Market_1,Mustard,5211.360209,548.8180191,0.449774106,0
Haryana_Market_1,Onion,1504.337105,158.6758202,0.384203507,2
Haryana_Market_1,Potato,1200.462249,123.1089796,0.234683796,2
Haryana_Market_1,Rice,2806.700082,287.6218454,0.400530834,2
Haryana_Market_1,Soybean,4207.841521,444.6629298,0.258243214,0
Haryana_Market_1,Tomato,1802.573171,191.864557,0.383313872,2
Haryana_Market_1,Wheat,2209.775377,240.8310505,0.593622376,2
Haryana_Market_10,Maize,1904.45173,195.4152044,0.357369751,2
Haryana_Market_10,Mustard,5201.93149,542.7247588,0.279811696,0
Haryana_Market_10,Onion,1503.81916,157.3751694,0.426054307,2
Haryana_Market_10,Potato,1197.394878,123.8468279,-0.022543683,1
Haryana_Market_10,Rice,2798.80164,291.6489343,0.11503761,1
Haryana_Market_10,Soybean,4213.128537,450.0244039,0.335506059,0
Haryana_Market_10,Tomato,1798.146366,180.6742238,0.132372097,1
Haryana_Market_10,Wheat,2197.748694,231.9934866,-0.007115804,1
Haryana_Market_11,Maize,1903.130663,192.9986379,0.297841206,2
Haryana_Market_11,Mustard,5194.014427,545.4118835,0.104560661,3
Haryana_Market_11,Onion,1497.507438,155.77206,0.053755524,1
Haryana_Market_11,Potato,1200.064582,124.4753798,0.242720302,2
Haryana_Market_11,Rice,2796.153098,276.7830417,0.085096358,1
Haryana_Market_11,Soybean,4193.484514,450.1688297,-0.015890259,3
Haryana_Market_11,Tomato,1799.772783,188.5062429,0.208759763,1
Haryana_Market_11,Wheat,2193.301062,230.2570978,-0.155418514,1
Haryana_Market_12,Maize,1897.185538,191.1870524,-0.036531113,1
Haryana_Market_12,Mustard,5207.900879,554.5846025,0.37009085,0
Haryana_Market_12,Onion,1498.783444,152.5449357,0.052544009,1
Haryana_Market_12,Potato,1201.140638,125.6154926,0.2837347,2
Haryana_Market_12,Rice,2801.608909,288.0563916,0.282885156,2
Haryana_Market_12,Soybean,4202.419693,426.2762402,0.256400045,0
Haryana_Market_12,Tomato,1787.818383,191.3752936,-0.397023038,1
Haryana_Market_12,Wheat,2197.805115,237.4397238,0.037793051,1
Haryana_Market_13,Maize,1903.543128,199.1345895,0.367236244,2
Haryana_Market_13,Mustard,5194.184377,525.6243292,0.117735995,3
Haryana_Market_13,Onion,1499.103592,160.520163,0.105347737,1
Haryana_Market_13,Potato,1208.261337,131.9882112,0.865909923,2
Haryana_Market_13,Rice,2800.351729,284.0883277,0.118951544,1
Haryana_Market_13,Soybean,4197.548061,442.7408115,0.111316151,3
Haryana_Market_13,Tomato,1804.589115,189.3599464,0.474820797,2
Haryana_Market_13,Wheat,2196.210901,227.5432945,-0.060946689,1
Haryana_Market_14,Maize,1902.996046,206.9272893,0.265531717,2
Haryana_Market_14,Mustard,5214.806975,550.1420396,0.579707747,0
Haryana_Market_14,Onion,1512.254236,166.2540713,0.943139938,2
Haryana_Market_14,Potato,1199.207899,129.9006629,0.150192048,1
Haryana_Market_14,Rice,2809.64724,295.1753994,0.48812094,2
Haryana_Market_14,Soybean,4211.405109,423.1473301,0.390796018,0
Haryana_Market_14,Tomato,1803.332213,184.9382398,0.40847122,2
Haryana_Market_14,Wheat,2201.089227,223.3246071,0.157337232,1
Haryana_Market_15,Maize,1899.328068,199.978894,0.125779866,1
Haryana_Market_15,Mustard,5213.1458,563.5317167,0.513728862,0
Haryana_Market_15,Onion,1497.423783,157.078853,0.04011379,1
Haryana_Market_15,Potato,1201.298031,124.4294872,0.252359855,2
Haryana_Market_15,Rice,2798.245182,288.971956,0.101773313,1
Haryana_Market_15,Soybean,4195.091319,430.0298398,-0.002886713,3
Haryana_Market_15,Tomato,1797.619476,180.3688109,0.027567751,1
Haryana_Market_15,Wheat,2199.745522,229.1727044,0.134114122,1
Haryana_Market_16,Maize,1903.562812,199.8206984,0.285840774,2
Haryana_Market_16,Mustard,5193.315664,550.5620707,0.1292193,3
Haryana_Market_16,Onion,1501.857282,159.0550006,0.238911757,2
Haryana_Market_16,Potato,1198.432052,123.6922056,0.125418966,1
Haryana_Market_16,Rice,2796.378172,299.6349141,0.098105379,1
Haryana_Market_16,Soybean,4215.771394,468.0161807,0.561427216,0
Haryana_Market_16,Tomato,1799.447502,190.2914778,0.170433044,1
Haryana_Market_16,Wheat,2196.936239,229.9910829,0.003768855,1
Haryana_Market_17,Maize,1896.613992,197.3853419,-0.110630989,1
Haryana_Market_17,Mustard,5206.949352,524.6593705,0.387314329,0
Haryana_Market_17,Onion,1495.789259,154.1011761,-0.139240568,1
Haryana_Market_17,Potato,1198.6785,123.8454064,0.071483537,1
Haryana_Market_17,Rice,2807.989575,304.8559532,0.462192148,2
Haryana_Market_17,Soybean,4188.261961,418.5980155,-0.172857638,3
Haryana_Market_17,Tomato,1801.514753,190.9855086,0.302555098,2
Haryana_Market_17,Wheat,2204.096755,232.5468407,0.339683938,2
Haryana_Market_18,Maize,1899.987195,196.9582135,0.161000056,1
Haryana_Market_18,Mustard,5201.807567,557.3342217,0.312941162,0
Haryana_Market_18,Onion,1501.293694,158.2279184,0.225711337,1
Haryana_Market_18,Potato,1201.021613,127.4614203,0.339711348,2
Haryana_Market_18,Rice,2796.976591,294.0015244,0.072699576,1
Haryana_Market_18,Soybean,4200.638978,437.9095374,0.128050641,3
Haryana_Market_18,Tomato,1794.22965,185.1064103,-0.055960948,1
Haryana_Market_18,Wheat,2196.121671,228.6187124,-0.004461929,1
Haryana_Market_19,Maize,1904.292669,197.6943577,0.296558682,2
Haryana_Market_19,Mustard,5196.810526,564.488736,0.190407112,3
Haryana_Market_19,Onion,1500.164266,157.4105272,0.118171229,1
Haryana_Market_19,Potato,1204.894612,130.7605788,0.580349077,2
Haryana_Market_19,Rice,2802.774367,302.7915064,0.328665559,2
Haryana_Market_19,Soybean,4195.520995,429.9697247,-0.037546615,3
Haryana_Market_19,Tomato,1801.936665,191.7747541,0.29394514,2
Haryana_Market_19,Wheat,2209.289378,229.2652856,0.555103082,2
Haryana_Market_2,Maize,1897.431863,194.3984868,-0.030251361,1
Haryana_Market_2,Mustard,5187.62084,557.0214874,0.036979634,3
Haryana_Market_2,Onion,1500.814789,161.1033669,0.201141046,1
Haryana_Market_2,Potato,1199.78521,126.4277264,0.151827325,1
Haryana_Market_2,Rice,2791.109697,283.7066914,-0.128523021,1
Haryana_Market_2,Soybean,4220.2152,442.5459014,0.617001882,0
Haryana_Market_2,Tomato,1801.095301,185.4302397,0.275347168,2
Haryana_Market_2,Wheat,2207.711703,235.0957074,0.482629484,2
Haryana_Market_20,Maize,1906.75943,200.5744788,0.519780723,2
Haryana_Market_20,Mustard,5198.584772,540.0042463,0.211965016,3
Haryana_Market_20,Onion,1501.990579,162.5038373,0.298840934,2
Haryana_Market_20,Potato,1199.577147,130.9170484,0.137142089,1
Haryana_Market_20,Rice,2799.88388,287.1486706,0.237408771,2
Haryana_Market_20,Soybean,4192.251079,420.7944192,-0.042659332,3
Haryana_Market_20,Tomato,1798.651007,188.0763669,0.103712548,1
Haryana_Market_20,Wheat,2202.555511,230.9090692,0.233871555,2
Haryana_Market_21,Maize,1906.714776,190.6123121,0.470037421,2
Haryana_Market_21,Mustard,5188.237849,536.4098932,0.079499556,3
Haryana_Market_21,Onion,1501.609314,163.3488708,0.228460793,2
Haryana_Market_21,Potato,1201.369887,129.5879249,0.330548101,2
Haryana_Market_21,Rice,2802.56162,287.1310084,0.221369955,1
Haryana_Market_21,Soybean,4208.082823,418.1209742,0.34802404,0
Haryana_Market_21,Tomato,1803.509472,188.1605901,0.371322728,2
Haryana_Market_21,Wheat,2196.789705,229.2592856,-0.026043862,1
Haryana_Market_22,Maize,1899.859802,197.9493428,0.077259367,1
Haryana_Market_22,Mustard,5205.4377,539.7309196,0.34589765,0
Haryana_Market_22,Onion,1503.86035,156.9988061,0.467260125,2
Haryana_Market_22,Potato,1201.987125,127.112591,0.401555877,2
Haryana_Market_22,Rice,2790.428429,300.0120101,-0.182001548,1
Haryana_Market_22,Soybean,4212.248247,444.266122,0.387716893,0
Haryana_Market_22,Tomato,1805.049107,185.5822062,0.51605742,2
Haryana_Market_22,Wheat,2201.22731,226.9695098,0.186602176,1
Haryana_Market_23,Maize,1895.905675,197.8027986,-0.117606122,1
Haryana_Market_23,Mustard,5200.689968,558.5416393,0.251534452,0
Haryana_Market_23,Onion,1503.419979,162.8288903,0.380711886,2
Haryana_Market_23,Potato,1195.261947,127.0552883,-0.139339758,1
Haryana_Market_23,Rice,2797.051328,291.8613943,0.104848249,1
Haryana_Market_23,Soybean,4175.70478,451.7532809,-0.424536329,3
Haryana_Market_23,Tomato,1802.743089,187.0832972,0.407820155,2
Haryana_Market_23,Wheat,2206.19809,233.3812344,0.398859104,2
Haryana_Market_24,Maize,1900.461029,204.8938661,0.157930965,1
Haryana_Market_24,Mustard,5188.344534,544.9879658,0.009177374,3
Haryana_Market_24,Onion,1503.696213,156.6747092,0.357504796,2
Haryana_Market_24,Potato,1202.4635,122.9710174,0.377829762,2
Haryana_Market_24,Rice,2802.234793,297.9887388,0.220332887,1
Haryana_Market_24,Soybean,4217.161188,432.4593087,0.552693358,0
Haryana_Market_24,Tomato,1797.163253,184.6534039,0.026603606,1
Haryana_Market_24,Wheat,2200.814748,219.3770497,0.124025613,1
Haryana_Market_3,Maize,1904.832342,211.3372664,0.357711333,2
Haryana_Market_3,Mustard,5191.568164,564.6758024,0.134276949,3
Haryana_Market_3,Onion,1504.546325,157.1760224,0.422063183,2
Haryana_Market_3,Potato,1198.100833,128.2652549,0.032768629,1
Haryana_Market_3,Rice,2815.291287,302.2386284,0.746712243,2
Haryana_Market_3,Soybean,4204.51238,440.6239894,0.289686918,0
Haryana_Market_3,Tomato,1796.170804,182.6703275,0.054563275,1
Haryana_Market_3,Wheat,2209.408808,230.4642814,0.534618062,2
Haryana_Market_4,Maize,1900.965192,193.4563827,0.220637445,1
Haryana_Market_4,Mustard,5184.021226,545.1587664,-0.052056564,3
Haryana_Market_4,Onion,1503.170298,156.3736218,0.396920176,2
Haryana_Market_4,Potato,1202.742533,125.5713178,0.507819286,2
Haryana_Market_4,Rice,2800.934528,283.4360481,0.221143348,1
Haryana_Market_4,Soybean,4199.168489,458.1723279,0.072971575,3
Haryana_Market_4,Tomato,1809.295963,187.4784869,0.816940483,2
Haryana_Market_4,Wheat,2203.182796,228.1380751,0.266120379,2
Haryana_Market_5,Maize,1890.938403,196.008229,-0.361984071,1
Haryana_Market_5,Mustard,5182.569625,537.8570232,-0.145690577,3
Haryana_Market_5,Onion,1506.52157,160.2691652,0.587256606,2
Haryana_Market_5,Potato,1199.218387,127.5815394,0.139841692,1
Haryana_Market_5,Rice,2800.743787,286.7608542,0.234029969,2
Haryana_Market_5,Soybean,4211.36487,431.3843482,0.390398915,0
Haryana_Market_5,Tomato,1799.695573,191.8582761,0.223447733,1
Haryana_Market_5,Wheat,2201.519178,233.572275,0.209498325,1
Haryana_Market_6,Maize,1903.988663,202.4820561,0.270044906,2
Haryana_Market_6,Mustard,5205.270388,527.9472203,0.358851298,0
Haryana_Market_6,Onion,1499.82083,156.9610903,0.195050623,1
Haryana_Market_6,Potato,1201.577528,128.9849794,0.337970983,2
Haryana_Market_6,Rice,2801.623857,283.8677464,0.265957075,2
Haryana_Market_6,Soybean,4216.356377,437.021113,0.507740152,0
Haryana_Market_6,Tomato,1798.792476,184.9549187,0.12832696,1
Haryana_Market_6,Wheat,2202.717323,220.9333929,0.289273853,2
Haryana_Market_7,Maize,1901.640563,200.1864028,0.228195176,1
Haryana_Market_7,Mustard,5213.555012,551.4460973,0.578297489,0
Haryana_Market_7,Onion,1502.723881,163.2842446,0.332529797,2
Haryana_Market_7,Potato,1201.304305,119.6010423,0.328242186,2
Haryana_Market_7,Rice,2807.341131,295.5830899,0.471946088,2
Haryana_Market_7,Soybean,4204.350649,457.4946341,0.245094329,0
Haryana_Market_7,Tomato,1799.746782,182.9114425,0.211106868,1
Haryana_Market_7,Wheat,2198.571458,227.271464,0.036071176,1
Haryana_Market_8,Maize,1906.795317,203.2861902,0.53138316,2
Haryana_Market_8,Mustard,5219.653454,539.0481476,0.645965122,0
Haryana_Market_8,Onion,1501.340082,161.0026039,0.340637093,2
Haryana_Market_8,Potato,1200.789409,128.9974478,0.268218079,2
Haryana_Market_8,Rice,2803.715702,291.5907678,0.299133515,2
Haryana_Market_8,Soybean,4197.493118,438.0612186,0.121644144,3
Haryana_Market_8,Tomato,1795.792299,190.4360602,-0.006550207,1
Haryana_Market_8,Wheat,2200.264765,225.444537,0.110050558,1
Haryana_Market_9,Maize,1898.742168,197.9626933,0.017949424,1
Haryana_Market_9,Mustard,5185.659253,533.3014138,0.011472344,3
Haryana_Market_9,Onion,1498.954121,160.9415152,0.141066402,1
Haryana_Market_9,Potato,1199.305368,129.7012577,0.16499177,1
Haryana_Market_9,Rice,2800.296919,303.5999781,0.201372542,1
Haryana_Market_9,Soybean,4199.071715,439.1585802,0.083101286,3
Haryana_Market_9,Tomato,1805.072558,183.940373,0.479410104,2
Haryana_Market_9,Wheat,2210.784612,240.8093091,0.641453449,2
Karnataka_Market_0,Maize,1902.55826,195.1080513,0.321240043,2
Karnataka_Market_0,Mustard,5217.025681,524.8512159,0.57508832,0
Karnataka_Market_0,Onion,1501.435429,154.7670059,0.289208513,2
Karnataka_Market_0,Potato,1199.545299,123.0236867,0.250865287,2
Karnataka_Market_0,Rice,2802.290524,291.5686281,0.348322638,2
Karnataka_Market_0,Soybean,4209.5396,437.8603265,0.40813157,0
Karnataka_Market_0,Tomato,1800.468726,183.523313,0.246063199,2
Karnataka_Market_0,Wheat,2197.243595,226.7965503,0.02578592,1
Karnataka_Market_1,Maize,1909.540506,200.7372309,0.642334965,2
Karnataka_Market_1,Mustard,5191.307661,542.1298188,0.000766093,3
Karnataka_Market_1,Onion,1504.932336,156.8628421,0.459083811,2
Karnataka_Market_1,Potato,1203.533671,126.2139442,0.443386214,2
Karnataka_Market_1,Rice,2800.021352,282.7227018,0.271748524,2
Karnataka_Market_1,Soybean,4192.017381,441.9785677,0.023976987,3
Karnataka_Market_1,Tomato,1803.069735,192.0356992,0.411522419,2
Karnataka_Market_1,Wheat,2213.249399,233.5356437,0.782669449,2
Karnataka_Market_10,Maize,1902.343725,193.2141244,0.303026745,2
Karnataka_Market_10,Mustard,5193.901757,565.7785305,0.046949758,3
Karnataka_Market_10,Onion,1504.869539,162.3958571,0.524771893,2
Karnataka_Market_10,Potato,1202.185663,124.1763877,0.349092528,2
Karnataka_Market_10,Rice,2809.494026,294.5500094,0.531710557,2
Karnataka_Market_10,Soybean,4199.5,448.7987638,0.190178851,3
Karnataka_Market_10,Tomato,1804.994055,192.707025,0.44195401,2
Karnataka_Market_10,Wheat,2206.061878,230.6800252,0.395308759,2
Karnataka_Market_11,Maize,1898.721308,198.9888051,0.106569353,1
Karnataka_Market_11,Mustard,5192.404684,565.3581377,0.02165604,3
Karnataka_Market_11,Onion,1495.147408,158.6673858,-0.075803138,1
Karnataka_Market_11,Potato,1203.438819,128.8747115,0.526536251,2
Karnataka_Market_11,Rice,2801.205998,287.595031,0.231730029,1
Karnataka_Market_11,Soybean,4200.827251,468.7044612,0.236362038,0
Karnataka_Market_11,Tomato,1806.057669,191.2524046,0.505473014,2
Karnataka_Market_11,Wheat,2209.416939,223.4358902,0.576076954,2
Karnataka_Market_12,Maize,1900.588259,203.6771256,0.200029327,1
Karnataka_Market_12,Mustard,5194.704344,551.7336696,0.057827622,3
Karnataka_Market_12,Onion,1500.299373,155.8206388,0.190862628,1
Karnataka_Market_12,Potato,1201.710198,125.7619549,0.354533249,2
Karnataka_Market_12,Rice,2799.691236,294.8112219,0.245394238,2
Karnataka_Market_12,Soybean,4198.010664,458.2524359,0.183221801,3
Karnataka_Market_12,Tomato,1803.875049,190.8298458,0.382141905,2
Karnataka_Market_12,Wheat,2201.293124,235.908488,0.245643535,2
Karnataka_Market_13,Maize,1897.008461,210.7097281,0.025675841,1
Karnataka_Market_13,Mustard,5208.879678,544.5111138,0.364862568,0
Karnataka_Market_13,Onion,1499.974514,153.3350468,0.161898462,1
Karnataka_Market_13,Potato,1200.656796,124.7394319,0.253325247,2
Karnataka_Market_13,Rice,2804.792208,295.9067937,0.406501167,2
Karnataka_Market_13,Soybean,4208.84716,427.7684111,0.427336159,0
Karnataka_Market_13,Tomato,1801.797552,190.1212927,0.327290144,2
Karnataka_Market_13,Wheat,2200.882612,242.7624251,0.203069315,1
Karnataka_Market_14,Maize,1902.398024,198.6218106,0.273568716,2
Karnataka_Market_14,Mustard,5188.81069,525.2333628,0.017807702,3
Karnataka_Market_14,Onion,1500.918657,161.5712394,0.230656281,2
Karnataka_Market_14,Potato,1203.73166,131.3791578,0.588121616,2
Karnataka_Market_14,Rice,2804.878903,293.0771564,0.422768667,2
Karnataka_Market_14,Soybean,4200.530794,434.8701853,0.227243806,0
Karnataka_Market_14,Tomato,1803.266573,191.9545586,0.365847827,2
Karnataka_Market_14,Wheat,2199.671169,220.218026,0.194410381,1
Karnataka_Market_15,Maize,1903.596245,197.2353837,0.310684815,2
Karnataka_Market_15,Mustard,5205.010134,561.1973856,0.272278258,0
Karnataka_Market_15,Onion,1502.240064,159.16076,0.281031957,2
Karnataka_Market_15,Potato,1201.50998,128.843081,0.366962589,2
Karnataka_Market_15,Rice,2805.935938,302.3405966,0.401642833,2
Karnataka_Market_15,Soybean,4202.017018,439.7440864,0.194206899,3
Karnataka_Market_15,Tomato,1800.333469,192.9751493,0.254936572,2
Karnataka_Market_15,Wheat,2198.675254,232.8700242,0.092731481,1
Karnataka_Market_16,Maize,1908.569339,200.703833,0.627164894,2
Karnataka_Market_16,Mustard,5209.657463,522.0042236,0.396351802,0
Karnataka_Market_16,Onion,1502.1731,153.1214923,0.291335152,2
Karnataka_Market_16,Potato,1202.828594,125.881768,0.510327987,2
Karnataka_Market_16,Rice,2783.715372,275.3021508,-0.371641712,1
Karnataka_Market_16,Soybean,4194.753155,425.1004483,0.077750959,3
Karnataka_Market_16,Tomato,1798.579177,185.8753555,0.053796114,1
Karnataka_Market_16,Wheat,2200.871616,239.8159347,0.228157215,1
Karnataka_Market_17,Maize,1900.711612,196.4647838,0.168418044,1
Karnataka_Market_17,Mustard,5219.17873,560.4098954,0.555426219,0
Karnataka_Market_17,Onion,1496.105843,156.2825219,-0.074096997,1
Karnataka_Market_17,Potato,1200.820994,127.2955874,0.310865588,2
Karnataka_Market_17,Rice,2798.523083,294.3496203,0.172434223,1
Karnataka_Market_17,Soybean,4193.702777,444.4010978,0.028808496,3
Karnataka_Market_17,Tomato,1800.752394,192.8378564,0.284538287,2
Karnataka_Market_17,Wheat,2203.652465,225.5356282,0.361245672,2
Karnataka_Market_18,Maize,1901.302805,203.7385271,0.287044304,2
Karnataka_Market_18,Mustard,5185.596979,544.6733697,-0.034291689,3
Karnataka_Market_18,Onion,1508.209853,162.7207669,0.710494349,2
Karnataka_Market_18,Potato,1201.910396,123.0037954,0.371152074,2
Karnataka_Market_18,Rice,2794.626719,288.5146686,0.066535821,1
Karnataka_Market_18,Soybean,4193.927273,412.1514146,0.089032966,3
Karnataka_Market_18,Tomato,1801.466844,192.1860274,0.27709992,2
Karnataka_Market_18,Wheat,2198.93125,227.53402,0.167784637,1
Karnataka_Market_19,Maize,1897.243088,191.8475287,-0.000995962,1
Karnataka_Market_19,Mustard,5191.692339,533.9418137,0.014295574,3
Karnataka_Market_19,Onion,1496.633246,159.5065418,-0.039611538,1
Karnataka_Market_19,Potato,1198.008205,127.6846173,0.099313956,1
Karnataka_Market_19,Rice,2808.639404,296.7072347,0.534518691,2
Karnataka_Market_19,Soybean,4198.60091,436.2763805,0.12996774,3
Karnataka_Market_19,Tomato,1791.936973,188.3934255,-0.21826889,1
Karnataka_Market_19,Wheat,2204.126094,225.835029,0.339874159,2
Karnataka_Market_2,Maize,1896.513008,195.4929917,-0.029476689,1
Karnataka_Market_2,Mustard,5191.723491,549.1438611,0.11160439,3
Karnataka_Market_2,Onion,1500.68477,158.1948272,0.22518276,1
Karnataka_Market_2,Potato,1198.491352,126.6744143,0.059983523,1
Karnataka_Market_2,Rice,2799.461493,298.6901695,0.249252746,2
Karnataka_Market_2,Soybean,4199.932316,439.6385512,0.217319036,0
Karnataka_Market_2,Tomato,1796.901431,185.2957783,0.022856446,1
Karnataka_Market_2,Wheat,2204.408748,229.6501402,0.344638203,2
Karnataka_Market_20,Maize,1903.199807,200.9733521,0.311373233,2
Karnataka_Market_20,Mustard,5200.869992,545.6706668,0.193597579,3
Karnataka_Market_20,Onion,1501.549516,154.576745,0.311089155,2
Karnataka_Market_20,Potato,1195.009965,120.1182558,-0.155779795,1
Karnataka_Market_20,Rice,2800.036243,289.1464538,0.310899064,2
Karnataka_Market_20,Soybean,4211.181589,431.65473,0.39523336,0
Karnataka_Market_20,Tomato,1800.611268,187.7484693,0.192962183,1
Karnataka_Market_20,Wheat,2202.801071,228.3391416,0.261452227,2
Karnataka_Market_21,Maize,1904.119295,197.5492582,0.387493269,2
Karnataka_Market_21,Mustard,5187.117978,548.5340009,-0.034498806,3
Karnataka_Market_21,Onion,1498.139718,156.6667696,-0.007935142,1
Karnataka_Market_21,Potato,1196.57244,123.8727999,-0.017782487,1
Karnataka_Market_21,Rice,2796.405444,281.1974879,0.096030771,1
Karnataka_Market_21,Soybean,4215.611047,431.0118968,0.552976671,0
Karnataka_Market_21,Tomato,1810.534381,187.1878337,0.756850535,2
Karnataka_Market_21,Wheat,2206.069467,230.9306915,0.425403414,2
Karnataka_Market_22,Maize,1901.3368,200.9432384,0.174870285,1
Karnataka_Market_22,Mustard,5179.010252,524.1308823,-0.187124505,3
Karnataka_Market_22,Onion,1503.198318,158.1952945,0.426747948,2
Karnataka_Market_22,Potato,1200.349387,122.5579685,0.251464979,2
Karnataka_Market_22,Rice,2802.014682,284.2464353,0.3307895,2
Karnataka_Market_22,Soybean,4201.552448,433.5281599,0.216483955,0
Karnataka_Market_22,Tomato,1799.712273,193.286042,0.202979378,1
Karnataka_Market_22,Wheat,2196.95535,229.8837342,0.014576567,1
Karnataka_Market_23,Maize,1911.544436,209.1321322,0.787471142,2
Karnataka_Market_23,Mustard,5202.076531,551.3834338,0.194856429,3
Karnataka_Market_23,Onion,1505.983707,159.2850807,0.613171846,2
Karnataka_Market_23,Potato,1199.880008,124.2216843,0.280426342,2
Karnataka_Market_23,Rice,2793.048521,286.7533729,-0.011456078,1
Karnataka_Market_23,Soybean,4200.384122,448.624021,0.19607616,3
Karnataka_Market_23,Tomato,1799.275441,186.39925,0.143316353,1
Karnataka_Market_23,Wheat,2198.520121,230.3580125,0.086486922,1
Karnataka_Market_24,Maize,1900.948145,199.6103889,0.251708739,2
Karnataka_Market_24,Mustard,5201.162942,543.4963952,0.22074041,0
Karnataka_Market_24,Onion,1498.075678,155.2524728,-0.001553768,1
Karnataka_Market_24,Potato,1200.109662,126.9368613,0.282706547,2
Karnataka_Market_24,Rice,2805.394988,286.1365271,0.449423454,2
Karnataka_Market_24,Soybean,4207.361834,428.5690212,0.390523691,0
Karnataka_Market_24,Tomato,1799.684817,180.4579639,0.246861597,2
Karnataka_Market_24,Wheat,2203.395516,232.9731362,0.277143476,2
Karnataka_Market_3,Maize,1897.610956,199.957713,0.020272836,1
Karnataka_Market_3,Mustard,5200.822855,526.8791023,0.173169353,3
Karnataka_Market_3,Onion,1500.458183,153.2194829,0.182015632,1
Karnataka_Market_3,Potato,1197.302642,125.6605078,-0.001650406,1
Karnataka_Market_3,Rice,2795.072204,296.221028,0.073958751,1
Karnataka_Market_3,Soybean,4211.610101,425.0323302,0.598142567,0
Karnataka_Market_3,Tomato,1803.17303,188.5341865,0.391577537,2
Karnataka_Market_3,Wheat,2203.412515,225.9106718,0.287730907,2
Karnataka_Market_4,Maize,1897.152245,193.3344416,0.089854481,1
Karnataka_Market_4,Mustard,5210.409073,542.798638,0.469917138,0
Karnataka_Market_4,Onion,1500.015385,151.143222,0.209430133,1
Karnataka_Market_4,Potato,1198.528353,121.527612,0.132449298,1
Karnataka_Market_4,Rice,2810.893788,275.3075723,0.623446252,2
Karnataka_Market_4,Soybean,4181.461787,438.358214,-0.213903821,3
Karnataka_Market_4,Tomato,1801.945429,188.499827,0.377767489,2
Karnataka_Market_4,Wheat,2206.376124,227.9706058,0.451247775,2
Karnataka_Market_5,Maize,1906.532431,197.1453718,0.530437607,2
Karnataka_Market_5,Mustard,5202.227308,566.0468294,0.212930162,3
Karnataka_Market_5,Onion,1505.653283,164.2478101,0.574062339,2
Karnataka_Market_5,Potato,1201.379739,128.6383171,0.401949945,2
Karnataka_Market_5,Rice,2806.813453,300.9744945,0.441529294,2
Karnataka_Market_5,Soybean,4207.330421,439.7631858,0.313556079,0
Karnataka_Market_5,Tomato,1797.792609,185.2542839,0.140257016,1
Karnataka_Market_5,Wheat,2202.164859,235.7849651,0.246649046,2
Karnataka_Market_6,Maize,1898.100481,195.4274412,0.083819069,1
Karnataka_Market_6,Mustard,5212.310924,544.6538152,0.497685108,0
Karnataka_Market_6,Onion,1502.601459,155.9511568,0.33735665,2
Karnataka_Market_6,Potato,1201.092422,126.1410077,0.32191414,2
Karnataka_Market_6,Rice,2796.712205,284.9511498,0.113767786,1
Karnataka_Market_6,Soybean,4203.482492,434.4245562,0.304612936,0
Karnataka_Market_6,Tomato,1802.066197,200.0887153,0.323270679,2
Karnataka_Market_6,Wheat,2198.245239,236.7736197,0.044967518,1
Karnataka_Market_7,Maize,1905.902955,200.2686693,0.481602984,2
Karnataka_Market_7,Mustard,5209.621194,550.5665491,0.36752237,0
Karnataka_Market_7,Onion,1496.876923,157.2573208,-0.050253581,1
Karnataka_Market_7,Potato,1200.795295,123.2518322,0.255654324,2
Karnataka_Market_7,Rice,2787.162343,293.4039294,-0.167750255,1
Karnataka_Market_7,Soybean,4193.811389,446.4212894,0.00259014,3
Karnataka_Market_7,Tomato,1804.620103,199.2088473,0.452433761,2
Karnataka_Market_7,Wheat,2200.649345,227.9345292,0.197150944,1
Karnataka_Market_8,Maize,1901.595173,196.2838426,0.248265623,2
Karnataka_Market_8,Mustard,5214.068191,549.8779472,0.46426947,0
Karnataka_Market_8,Onion,1504.561887,158.6523841,0.429311565,2
Karnataka_Market_8,Potato,1203.144463,128.3191241,0.480898191,2
Karnataka_Market_8,Rice,2809.16781,303.3202512,0.581671504,2
Karnataka_Market_8,Soybean,4207.396599,445.9376869,0.382513901,0
Karnataka_Market_8,Tomato,1800.711098,182.4539775,0.28653475,2
Karnataka_Market_8,Wheat,2196.397564,229.176176,0.004891415,1
Karnataka_Market_9,Maize,1901.661879,201.8951806,0.247342317,2
Karnataka_Market_9,Mustard,5181.215272,553.2156684,-0.21946391,3
Karnataka_Market_9,Onion,1495.583166,158.2652483,-0.063985122,1
Karnataka_Market_9,Potato,1198.516845,130.6643523,0.115380582,1
Karnataka_Market_9,Rice,2792.654542,285.9799918,0.013028989,1
Karnataka_Market_9,Soybean,4193.327634,427.1920115,0.023553073,3
Karnataka_Market_9,Tomato,1795.520885,186.9441524,-0.087217359,1
Karnataka_Market_9,Wheat,2204.6827,230.421368,0.373001961,2
Madhya Pradesh_Market_0,Maize,1907.445698,207.8482446,0.522314139,2
Madhya Pradesh_Market_0,Mustard,5198.378918,531.6933348,0.239441799,0
Madhya Pradesh_Market_0,Onion,1502.53526,157.8654779,0.29603168,2
Madhya Pradesh_Market_0,Potato,1201.425861,124.192092,0.317463846,2
Madhya Pradesh_Market_0,Rice,2798.886907,283.9330654,0.140707826,1
Madhya Pradesh_Market_0,Soybean,4198.174734,445.0125427,0.120267133,3
Madhya Pradesh_Market_0,Tomato,1797.718965,189.6359447,0.072539842,1
Madhya Pradesh_Market_0,Wheat,2200.746103,227.0991296,0.173347281,1
Madhya Pradesh_Market_1,Maize,1902.775677,199.6095538,0.345719173,2
Madhya Pradesh_Market_1,Mustard,5210.122104,533.8631835,0.444156772,0
Madhya Pradesh_Market_1,Onion,1501.191443,156.9364248,0.252108871,2
Madhya Pradesh_Market_1,Potato,1199.414847,127.1754142,0.062817553,1
Madhya Pradesh_Market_1,Rice,2794.569489,289.0500842,0.018261875,1
Madhya Pradesh_Market_1,Soybean,4195.578969,439.2170418,0.030138997,3
Madhya Pradesh_Market_1,Tomato,1802.552395,186.559659,0.333480679,2
Madhya Pradesh_Market_1,Wheat,2207.82527,230.7956496,0.503023546,2
Madhya Pradesh_Market_10,Maize,1902.731136,198.017679,0.35603153,2
Madhya Pradesh_Market_10,Mustard,5196.737093,534.7142977,0.224066062,0
Madhya Pradesh_Market_10,Onion,1503.288346,160.8932789,0.324171986,2
Madhya Pradesh_Market_10,Potato,1201.276219,126.1368504,0.28052463,2
Madhya Pradesh_Market_10,Rice,2806.380943,293.6627976,0.440373004,2
Madhya Pradesh_Market_10,Soybean,4196.82837,438.1262949,0.12135862,3
Madhya Pradesh_Market_10,Tomato,1796.816492,190.731436,-0.049301564,1
Madhya Pradesh_Market_10,Wheat,2202.215223,231.2347679,0.267584502,2
Madhya Pradesh_Market_11,Maize,1902.009007,191.119093,0.299108558,2
Madhya Pradesh_Market_11,Mustard,5193.250821,552.8361895,0.129501139,3
Madhya Pradesh_Market_11,Onion,1501.214446,156.4106758,0.224149074,1
Madhya Pradesh_Market_11,Potato,1199.21348,130.598679,0.1177579,1
Madhya Pradesh_Market_11,Rice,2802.206473,284.9142206,0.368777832,2
Madhya Pradesh_Market_11,Soybean,4196.878203,453.9236773,0.077242307,3
Madhya Pradesh_Market_11,Tomato,1796.689168,189.135963,0.023194308,1
Madhya Pradesh_Market_11,Wheat,2198.90004,232.3418626,0.046500343,1
Madhya Pradesh_Market_12,Maize,1897.350958,199.4508812,0.018498221,1
Madhya Pradesh_Market_12,Mustard,5212.846724,525.6187011,0.51377984,0
Madhya Pradesh_Market_12,Onion,1500.41922,158.0332978,0.156633823,1
Madhya Pradesh_Market_12,Potato,1203.602305,125.7629996,0.436923778,2
Madhya Pradesh_Market_12,Rice,2797.830024,290.0152307,0.085119288,1
Madhya Pradesh_Market_12,Soybean,4205.342191,453.7210956,0.303050499,0
Madhya Pradesh_Market_12,Tomato,1802.441584,193.4002399,0.411706593,2
Madhya Pradesh_Market_12,Wheat,2202.07661,227.5470135,0.24142805,2
Madhya Pradesh_Market_13,Maize,1903.793998,199.9963239,0.391045678,2
Madhya Pradesh_Market_13,Mustard,5205.538244,583.2845547,0.370332666,0
Madhya Pradesh_Market_13,Onion,1503.119157,158.0078138,0.299165168,2
Madhya Pradesh_Market_13,Potato,1199.258457,119.7887725,0.077513549,1
Madhya Pradesh_Market_13,Rice,2802.579173,284.9376354,0.338947884,2
Madhya Pradesh_Market_13,Soybean,4183.980825,433.11651,-0.206294586,3
Madhya Pradesh_Market_13,Tomato,1802.304006,184.7887646,0.304445367,2
Madhya Pradesh_Market_13,Wheat,2199.643332,225.981063,0.101107629,1
Madhya Pradesh_Market_14,Maize,1901.02923,197.0915405,0.151648086,1
Madhya Pradesh_Market_14,Mustard,5194.450103,530.8508258,0.092547748,3
Madhya Pradesh_Market_14,Onion,1499.555715,154.0389696,0.059024749,1
Madhya Pradesh_Market_14,Potato,1192.461719,129.0701187,-0.501557727,1
Madhya Pradesh_Market_14,Rice,2799.428431,292.5471539,0.176033338,1
Madhya Pradesh_Market_14,Soybean,4202.880096,436.1058375,0.287408932,0
Madhya Pradesh_Market_14,Tomato,1807.419032,184.519705,0.574554505,2
Madhya Pradesh_Market_14,Wheat,2185.502575,224.4609286,-0.452574831,1
Madhya Pradesh_Market_15,Maize,1896.435985,190.0510015,0.026913174,1
Madhya Pradesh_Market_15,Mustard,5177.557014,537.4725001,-0.162371425,3
Madhya Pradesh_Market_15,Onion,1501.1658,155.7334893,0.165615667,1
Madhya Pradesh_Market_15,Potato,1200.64145,128.0956872,0.165345736,1
Madhya Pradesh_Market_15,Rice,2803.676233,290.3466009,0.356826966,2
Madhya Pradesh_Market_15,Soybean,4193.354839,435.6523736,-0.006518477,3
Madhya Pradesh_Market_15,Tomato,1800.658866,190.7721753,0.283199537,2
Madhya Pradesh_Market_15,Wheat,2206.699076,245.020804,0.452430801,2
Madhya Pradesh_Market_16,Maize,1904.805091,204.6994803,0.437909021,2
Madhya Pradesh_Market_16,Mustard,5210.274874,549.9560298,0.379646664,0
Madhya Pradesh_Market_16,Onion,1499.2166,156.9326616,0.054223474,1
Madhya Pradesh_Market_16,Potato,1202.282895,122.733486,0.334353914,2
Madhya Pradesh_Market_16,Rice,2801.568545,289.0284213,0.203646285,1
Madhya Pradesh_Market_16,Soybean,4201.594649,419.4743284,0.215532668,3
Madhya Pradesh_Market_16,Tomato,1801.397562,194.159563,0.332653404,2
Madhya Pradesh_Market_16,Wheat,2202.821153,228.2576298,0.223712367,1
Madhya Pradesh_Market_17,Maize,1903.038825,212.3247706,0.338826117,2
Madhya Pradesh_Market_17,Mustard,5201.575392,547.7788528,0.307457758,0
Madhya Pradesh_Market_17,Onion,1500.232178,152.605678,0.190406198,1
Madhya Pradesh_Market_17,Potato,1201.946158,126.8051776,0.316144384,2
Madhya Pradesh_Market_17,Rice,2810.151981,293.7471225,0.606330198,2
Madhya Pradesh_Market_17,Soybean,4194.746856,451.9635772,0.075656005,3
Madhya Pradesh_Market_17,Tomato,1802.06012,189.3263826,0.350838685,2
Madhya Pradesh_Market_17,Wheat,2200.679946,227.5765062,0.206736583,1
Madhya Pradesh_Market_18,Maize,1902.642509,196.7402478,0.297135182,2
Madhya Pradesh_Market_18,Mustard,5199.054503,535.1307114,0.257355087,0
Madhya Pradesh_Market_18,Onion,1500.885576,154.0308411,0.120740697,1
Madhya Pradesh_Market_18,Potato,1201.089446,127.9145903,0.225409138,1
Madhya Pradesh_Market_18,Rice,2791.831472,282.1407051,-0.057768052,1
Madhya Pradesh_Market_18,Soybean,4210.107305,451.4103087,0.410262673,0
Madhya Pradesh_Market_18,Tomato,1806.133883,182.2356387,0.526370537,2
Madhya Pradesh_Market_18,Wheat,2205.901141,231.5036405,0.401220274,2
Madhya Pradesh_Market_19,Maize,1900.869159,195.1291472,0.248717556,2
Madhya Pradesh_Market_19,Mustard,5185.245028,544.5270523,-0.059739316,3
Madhya Pradesh_Market_19,Onion,1504.611231,159.8948955,0.347073287,2
Madhya Pradesh_Market_19,Potato,1203.164963,124.4940015,0.364502919,2
Madhya Pradesh_Market_19,Rice,2791.481569,289.679415,-0.093441219,1
Madhya Pradesh_Market_19,Soybean,4216.616673,429.4978478,0.605342812,0
Madhya Pradesh_Market_19,Tomato,1800.081484,185.3247913,0.214011063,1
Madhya Pradesh_Market_19,Wheat,2198.963093,228.992809,0.161309944,1
Madhya Pradesh_Market_2,Maize,1901.788037,204.6063947,0.346532327,2
Madhya Pradesh_Market_2,Mustard,5200.231796,523.9546809,0.223182288,0
Madhya Pradesh_Market_2,Onion,1501.267647,155.0886803,0.240211947,2
Madhya Pradesh_Market_2,Potato,1201.043128,121.9593272,0.265654316,2
Madhya Pradesh_Market_2,Rice,2792.671406,292.9717561,-0.013110033,1
Madhya Pradesh_Market_2,Soybean,4182.790366,412.9221864,-0.236577481,3
Madhya Pradesh_Market_2,Tomato,1801.914796,191.6818629,0.30968872,2
Madhya Pradesh_Market_2,Wheat,2202.203176,225.2427255,0.249976632,2
Madhya Pradesh_Market_20,Maize,1900.456917,199.8133568,0.169059853,1
Madhya Pradesh_Market_20,Mustard,5205.506563,548.6936096,0.354615573,0
Madhya Pradesh_Market_20,Onion,1504.458938,159.4249417,0.357327857,2
Madhya Pradesh_Market_20,Potato,1194.314397,127.6184252,-0.367276321,1
Madhya Pradesh_Market_20,Rice,2804.702539,293.1751051,0.371301924,2
Madhya Pradesh_Market_20,Soybean,4206.532777,437.8636629,0.247039584,0
Madhya Pradesh_Market_20,Tomato,1805.352319,195.5067603,0.540812943,2
Madhya Pradesh_Market_20,Wheat,2199.840461,227.2031676,0.117823987,1
Madhya Pradesh_Market_21,Maize,1908.87953,200.1060491,0.595391955,2
Madhya Pradesh_Market_21,Mustard,5202.544867,559.8794082,0.25816637,0
Madhya Pradesh_Market_21,Onion,1501.060168,157.8623122,0.172263983,1
Madhya Pradesh_Market_21,Potato,1204.246832,128.3108908,0.519923951,2
Madhya Pradesh_Market_21,Rice,2802.398322,298.3288834,0.281358042,2
Madhya Pradesh_Market_21,Soybean,4200.940206,435.6936431,0.15152015,3
Madhya Pradesh_Market_21,Tomato,1799.36036,193.3338548,0.216087194,1
Madhya Pradesh_Market_21,Wheat,2206.586523,224.4180216,0.400565567,2
Madhya Pradesh_Market_22,Maize,1905.161131,202.3430458,0.462178191,2
Madhya Pradesh_Market_22,Mustard,5202.84862,540.7509213,0.28480456,0
Madhya Pradesh_Market_22,Onion,1495.336046,164.2452731,-0.191458804,1
Madhya Pradesh_Market_22,Potato,1201.858182,127.072628,0.356876166,2
Madhya Pradesh_Market_22,Rice,2797.706415,282.7087487,0.14375211,1
Madhya Pradesh_Market_22,Soybean,4198.707397,447.2331033,0.203785154,3
Madhya Pradesh_Market_22,Tomato,1791.260717,187.6600415,-0.276284321,1
Madhya Pradesh_Market_22,Wheat,2204.087799,238.3496153,0.302001088,2
Madhya Pradesh_Market_23,Maize,1897.495376,201.7382454,0.098736269,1
Madhya Pradesh_Market_23,Mustard,5196.582228,552.0118011,0.170159103,3
Madhya Pradesh_Market_23,Onion,1502.637772,165.820677,0.26206718,2
Madhya Pradesh_Market_23,Potato,1202.017666,119.1544496,0.32477373,2
Madhya Pradesh_Market_23,Rice,2806.906886,285.6382299,0.390890987,2
Madhya Pradesh_Market_23,Soybean,4200.184718,434.9041512,0.200715665,3
Madhya Pradesh_Market_23,Tomato,1794.85504,186.6861916,-0.098202626,1
Madhya Pradesh_Market_23,Wheat,2202.381466,233.6990585,0.205751847,1
Madhya Pradesh_Market_24,Maize,1904.151227,199.5443267,0.383754106,2
Madhya Pradesh_Market_24,Mustard,5186.635965,534.4020549,-0.007836164,3
Madhya Pradesh_Market_24,Onion,1510.09992,156.511283,0.744549864,2
Madhya Pradesh_Market_24,Potato,1201.907404,126.7006981,0.321344373,2
Madhya Pradesh_Market_24,Rice,2800.237115,282.8699577,0.207288877,1
Madhya Pradesh_Market_24,Soybean,4201.2768,430.7549922,0.151485255,3
Madhya Pradesh_Market_24,Tomato,1794.54642,182.4356927,-0.089953253,1
Madhya Pradesh_Market_24,Wheat,2202.13448,222.3813748,0.217263488,1
Madhya Pradesh_Market_3,Maize,1897.167363,197.1321592,0.03885644,1
Madhya Pradesh_Market_3,Mustard,5191.27339,545.3710231,0.068499007,3
Madhya Pradesh_Market_3,Onion,1496.915577,159.6999131,-0.057787221,1
Madhya Pradesh_Market_3,Potato,1200.554036,128.3755182,0.185659051,1
Madhya Pradesh_Market_3,Rice,2810.204665,312.3177876,0.516671603,2
Madhya Pradesh_Market_3,Soybean,4219.079891,464.2065933,0.642636477,0
Madhya Pradesh_Market_3,Tomato,1798.701888,189.8625135,0.151461377,1
Madhya Pradesh_Market_3,Wheat,2194.538819,221.9493331,-0.107149225,1
Madhya Pradesh_Market_4,Maize,1903.657507,201.1240697,0.363915157,2
Madhya Pradesh_Market_4,Mustard,5187.64908,535.5472914,0.026050315,3
Madhya Pradesh_Market_4,Onion,1503.620082,152.9469218,0.359609274,2
Madhya Pradesh_Market_4,Potato,1199.141244,126.7312931,0.105538917,1
Madhya Pradesh_Market_4,Rice,2803.254691,292.8921503,0.335985678,2
Madhya Pradesh_Market_4,Soybean,4228.27327,446.7820033,0.829579637,0
Madhya Pradesh_Market_4,Tomato,1807.540498,196.7080958,0.719641723,2
Madhya Pradesh_Market_4,Wheat,2198.850525,238.1413341,0.154108425,1
Madhya Pradesh_Market_5,Maize,1904.732053,196.6110835,0.464584243,2
Madhya Pradesh_Market_5,Mustard,5214.35573,534.0289969,0.554017361,0
Madhya Pradesh_Market_5,Onion,1503.791143,155.1243391,0.332916071,2
Madhya Pradesh_Market_5,Potato,1201.222366,125.8115329,0.273947501,2
Madhya Pradesh_Market_5,Rice,2808.37701,280.8331782,0.527352168,2
Madhya Pradesh_Market_5,Soybean,4215.321486,421.6389455,0.492583784,0
Madhya Pradesh_Market_5,Tomato,1796.149625,185.9281139,-0.041152096,1
Madhya Pradesh_Market_5,Wheat,2203.255833,234.6220655,0.288936854,2
Madhya Pradesh_Market_6,Maize,1901.391956,200.2003872,0.266174219,2
Madhya Pradesh_Market_6,Mustard,5196.483213,537.5051285,0.227006909,0
Madhya Pradesh_Market_6,Onion,1499.051491,159.6403593,0.074082015,1
Madhya Pradesh_Market_6,Potato,1203.048364,124.4946142,0.440661352,2
Madhya Pradesh_Market_6,Rice,2798.233374,297.8335403,0.206724828,1
Madhya Pradesh_Market_6,Soybean,4187.041975,441.870992,-0.106361584,3
Madhya Pradesh_Market_6,Tomato,1798.401524,182.1719308,0.133730307,1
Madhya Pradesh_Market_6,Wheat,2207.998025,232.0321508,0.47849754,2
Madhya Pradesh_Market_7,Maize,1902.094099,192.0720283,0.300641114,2
Madhya Pradesh_Market_7,Mustard,5202.477409,534.0337465,0.339492049,0
Madhya Pradesh_Market_7,Onion,1503.359159,159.7770451,0.392761013,2
Madhya Pradesh_Market_7,Potato,1196.790016,129.5110948,-0.112731999,1
Madhya Pradesh_Market_7,Rice,2795.520476,297.8443809,0.050248135,1
Madhya Pradesh_Market_7,Soybean,4205.388731,443.6821279,0.326293659,0
Madhya Pradesh_Market_7,Tomato,1798.376291,187.3987233,0.09110193,1
Madhya Pradesh_Market_7,Wheat,2203.042629,249.2610006,0.275729977,2
Madhya Pradesh_Market_8,Maize,1893.478937,191.9784109,-0.110250621,1
Madhya Pradesh_Market_8,Mustard,5211.22846,540.5779427,0.480156862,0
Madhya Pradesh_Market_8,Onion,1498.558965,155.9917105,0.059896144,1
Madhya Pradesh_Market_8,Potato,1200.873069,124.5812324,0.218591448,1
Madhya Pradesh_Market_8,Rice,2797.696082,292.1979357,0.102548525,1
Madhya Pradesh_Market_8,Soybean,4195.773967,445.8128399,0.072366812,3
Madhya Pradesh_Market_8,Tomato,1804.06855,181.2380437,0.424244154,2
Madhya Pradesh_Market_8,Wheat,2200.197248,231.0737268,0.170165118,1
Madhya Pradesh_Market_9,Maize,1907.425122,206.0274429,0.573156446,2
Madhya Pradesh_Market_9,Mustard,5202.878947,576.953053,0.357295962,0
Madhya Pradesh_Market_9,Onion,1498.069281,156.9693437,0.018794904,1
Madhya Pradesh_Market_9,Potato,1198.715854,123.7436128,-0.0004553,1
Madhya Pradesh_Market_9,Rice,2792.053078,304.0996684,-0.091062035,1
Madhya Pradesh_Market_9,Soybean,4217.56401,442.360346,0.609637518,0
Madhya Pradesh_Market_9,Tomato,1797.995359,184.0504946,0.083420188,1
Madhya Pradesh_Market_9,Wheat,2195.742621,230.2999821,-0.055439243,1
Maharashtra_Market_0,Maize,1901.615761,205.701921,0.22013984,1
Maharashtra_Market_0,Mustard,5213.34031,564.1543755,0.400997882,0
Maharashtra_Market_0,Onion,1506.676175,161.1234389,0.569812691,2
Maharashtra_Market_0,Potato,1199.465157,125.3023622,0.076044283,1
Maharashtra_Market_0,Rice,2811.178444,287.3391499,0.627702508,2
Maharashtra_Market_0,Soybean,4194.202904,437.1588551,0.025697282,3
Maharashtra_Market_0,Tomato,1800.697651,190.8978569,0.193221687,1
Maharashtra_Market_0,Wheat,2209.603951,233.2262323,0.498192502,2
Maharashtra_Market_1,Maize,1896.78464,194.6629978,-0.020283787,1
Maharashtra_Market_1,Mustard,5226.506478,536.1353543,0.663499978,0
Maharashtra_Market_1,Onion,1496.456609,159.2771062,-0.065020859,1
Maharashtra_Market_1,Potato,1198.407089,125.462146,-0.01115843,1
Maharashtra_Market_1,Rice,2794.321641,291.883137,-0.073783568,1
Maharashtra_Market_1,Soybean,4203.822632,443.237968,0.402009894,0
Maharashtra_Market_1,Tomato,1803.830794,190.6911959,0.389259308,2
Maharashtra_Market_1,Wheat,2193.660958,236.373629,-0.285766287,1
Maharashtra_Market_10,Maize,1901.342589,197.1141479,0.258688914,2
Maharashtra_Market_10,Mustard,5194.138878,551.9877651,0.094423171,3
Maharashtra_Market_10,Onion,1502.304737,164.8413443,0.305126176,2
Maharashtra_Market_10,Potato,1202.415483,127.0599877,0.324958331,2
Maharashtra_Market_10,Rice,2799.676665,295.5990968,0.119043435,1
Maharashtra_Market_10,Soybean,4200.687824,441.7129808,0.218622196,0
Maharashtra_Market_10,Tomato,1802.375451,194.5744137,0.234435978,2
Maharashtra_Market_10,Wheat,2211.22774,234.3587273,0.589709343,2
Maharashtra_Market_11,Maize,1904.391793,197.6682291,0.366738731,2
Maharashtra_Market_11,Mustard,5196.85772,550.2239356,0.101772997,3
Maharashtra_Market_11,Onion,1498.370194,151.1678081,0.039015154,1
Maharashtra_Market_11,Potato,1201.281582,126.1850988,0.253358991,2
Maharashtra_Market_11,Rice,2803.920895,284.8854485,0.268477273,2
Maharashtra_Market_11,Soybean,4204.210101,454.1708778,0.324746544,0
Maharashtra_Market_11,Tomato,1806.546198,192.3406129,0.537635463,2
Maharashtra_Market_11,Wheat,2208.337902,237.7440881,0.430685406,2
Maharashtra_Market_12,Maize,1903.959422,201.436406,0.40895713,2
Maharashtra_Market_12,Mustard,5203.726761,545.3177236,0.227882318,0
Maharashtra_Market_12,Onion,1495.710806,152.8287142,-0.127982499,1
Maharashtra_Market_12,Potato,1203.892784,123.0489959,0.476576208,2
Maharashtra_Market_12,Rice,2800.071602,295.7390941,0.194729742,1
Maharashtra_Market_12,Soybean,4202.504188,439.0399118,0.19046635,3
Maharashtra_Market_12,Tomato,1800.599506,189.6645276,0.221104543,1
Maharashtra_Market_12,Wheat,2209.032304,231.8598131,0.520871278,2
Maharashtra_Market_13,Maize,1901.729628,200.9521392,0.271243735,2
Maharashtra_Market_13,Mustard,5200.803884,528.5913683,0.208016632,3
Maharashtra_Market_13,Onion,1499.055467,156.1126837,0.026903858,1
Maharashtra_Market_13,Potato,1199.673758,122.8930718,0.116910413,1
Maharashtra_Market_13,Rice,2791.309984,291.4351587,-0.169227337,1
Maharashtra_Market_13,Soybean,4200.041751,451.5661041,0.1842738,3
Maharashtra_Market_13,Tomato,1802.139399,188.5289167,0.268672917,2
Maharashtra_Market_13,Wheat,2197.497967,230.685135,0.011720922,1
Maharashtra_Market_14,Maize,1905.070521,206.9050391,0.465062924,2
Maharashtra_Market_14,Mustard,5210.123121,564.0464472,0.376898675,0
Maharashtra_Market_14,Onion,1502.54124,154.3756881,0.333112866,2
Maharashtra_Market_14,Potato,1199.161389,124.3121528,0.068667056,1
Maharashtra_Market_14,Rice,2801.239501,298.9688039,0.216802634,1
Maharashtra_Market_14,Soybean,4210.586939,455.5594907,0.478303381,0
Maharashtra_Market_14,Tomato,1790.658905,187.2237419,-0.420162834,1
Maharashtra_Market_14,Wheat,2205.0431,241.4448337,0.259856967,2
Maharashtra_Market_15,Maize,1894.297243,199.0187347,-0.062878384,1
Maharashtra_Market_15,Mustard,5189.303415,544.3530932,-0.04453743,3
Maharashtra_Market_15,Onion,1501.80574,165.0015025,0.190761803,1
Maharashtra_Market_15,Potato,1202.698368,125.392284,0.293932296,2
Maharashtra_Market_15,Rice,2798.538724,299.8058456,0.114980581,1
Maharashtra_Market_15,Soybean,4216.883181,431.9598937,0.638731699,0
Maharashtra_Market_15,Tomato,1795.024274,186.7783091,-0.152034202,1
Maharashtra_Market_15,Wheat,2200.204848,225.7762538,0.019035912,1
Maharashtra_Market_16,Maize,1903.532876,199.2466553,0.386187157,2
Maharashtra_Market_16,Mustard,5216.426762,563.7626085,0.528468595,0
Maharashtra_Market_16,Onion,1508.167298,161.2488783,0.625111939,2
Maharashtra_Market_16,Potato,1204.021643,131.7488785,0.530246779,2
Maharashtra_Market_16,Rice,2792.849334,284.8523871,-0.041532745,1
Maharashtra_Market_16,Soybean,4207.510569,439.2038579,0.472392148,0
Maharashtra_Market_16,Tomato,1798.848424,186.6776816,0.075574941,1
Maharashtra_Market_16,Wheat,2208.147936,223.5414746,0.401142887,2
Maharashtra_Market_17,Maize,1897.295255,193.9878896,0.007294222,1
Maharashtra_Market_17,Mustard,5203.532987,537.893116,0.245138171,0
Maharashtra_Market_17,Onion,1504.415927,159.683334,0.440834081,2
Maharashtra_Market_17,Potato,1195.431827,120.2968455,-0.193504524,1
Maharashtra_Market_17,Rice,2798.25589,284.4156372,0.101449221,1
Maharashtra_Market_17,Soybean,4197.697684,425.1647653,0.154036349,3
Maharashtra_Market_17,Tomato,1798.376691,183.9347783,0.008117056,1
Maharashtra_Market_17,Wheat,2205.508653,226.1751141,0.243079642,2
Maharashtra_Market_18,Maize,1903.984294,199.7921746,0.42194882,2
Maharashtra_Market_18,Mustard,5210.831041,533.0111575,0.339017499,0
Maharashtra_Market_18,Onion,1503.655093,151.2883609,0.384218707,2
Maharashtra_Market_18,Potato,1201.097847,123.1685243,0.22326976,1
Maharashtra_Market_18,Rice,2802.550954,285.5725421,0.269366694,2
Maharashtra_Market_18,Soybean,4207.255974,449.556573,0.37735388,0
Maharashtra_Market_18,Tomato,1804.70962,188.4350517,0.412839432,2
Maharashtra_Market_18,Wheat,2195.660158,227.8753789,-0.17721197,1
Maharashtra_Market_19,Maize,1899.447272,196.4375075,0.15019195,1
Maharashtra_Market_19,Mustard,5180.595936,550.8737119,-0.214498817,3
Maharashtra_Market_19,Onion,1497.031161,150.4331882,-0.129354984,1
Maharashtra_Market_19,Potato,1200.992109,127.0064991,0.237226377,2
Maharashtra_Market_19,Rice,2805.294166,284.3656632,0.30625233,2
Maharashtra_Market_19,Soybean,4186.709601,433.9564875,-0.089677853,3
Maharashtra_Market_19,Tomato,1805.686382,191.7859727,0.380766204,2
Maharashtra_Market_19,Wheat,2203.240436,235.914082,0.15656419,1
Maharashtra_Market_2,Maize,1901.051287,196.5021678,0.30936372,2
Maharashtra_Market_2,Mustard,5213.093377,536.1835222,0.396380187,0
Maharashtra_Market_2,Onion,1502.523933,158.0256601,0.290767746,2
Maharashtra_Market_2,Potato,1201.41564,120.0593388,0.233573487,2
Maharashtra_Market_2,Rice,2798.181873,286.8382741,0.062926502,1
Maharashtra_Market_2,Soybean,4204.290428,438.0106064,0.321897506,0
Maharashtra_Market_2,Tomato,1805.476547,194.9154455,0.404471335,2
Maharashtra_Market_2,Wheat,2198.348731,235.9039092,-0.024165039,1
Maharashtra_Market_20,Maize,1899.794411,206.32356,0.159671072,1
Maharashtra_Market_20,Mustard,5221.539782,554.6583096,0.535132672,0
Maharashtra_Market_20,Onion,1503.03888,157.5348703,0.282628625,2
Maharashtra_Market_20,Potato,1197.169214,121.6350479,-0.054398845,1
Maharashtra_Market_20,Rice,2802.316922,280.2459312,0.192345666,1
Maharashtra_Market_20,Soybean,4209.350458,448.1028893,0.427757406,0
Maharashtra_Market_20,Tomato,1801.539723,189.2796881,0.275270561,2
Maharashtra_Market_20,Wheat,2207.62391,224.5442997,0.391980524,2
Maharashtra_Market_21,Maize,1901.135865,192.4722706,0.245228353,2
Maharashtra_Market_21,Mustard,5192.328119,550.6368426,-0.030144984,3
Maharashtra_Market_21,Onion,1500.374952,154.266452,0.128481391,1
Maharashtra_Market_21,Potato,1203.735711,124.2389621,0.462365214,2
Maharashtra_Market_21,Rice,2812.611772,288.3750205,0.562936075,2
Maharashtra_Market_21,Soybean,4207.656541,447.55707,0.475178305,0
Maharashtra_Market_21,Tomato,1806.776265,194.678115,0.533657971,2
Maharashtra_Market_21,Wheat,2198.89631,217.9269128,-0.043599994,1
Maharashtra_Market_22,Maize,1904.497398,197.1191537,0.427053735,2
Maharashtra_Market_22,Mustard,5215.8906,558.3138022,0.44018926,0
Maharashtra_Market_22,Onion,1498.724789,158.0768471,0.064447333,1
Maharashtra_Market_22,Potato,1200.120906,128.7018516,0.202714907,1
Maharashtra_Market_22,Rice,2790.849922,292.7549198,-0.175166448,1
Maharashtra_Market_22,Soybean,4204.806899,469.7013855,0.269010733,0
Maharashtra_Market_22,Tomato,1798.789251,188.7385074,0.014299818,1
Maharashtra_Market_22,Wheat,2207.490192,219.0379727,0.37560868,2
Maharashtra_Market_23,Maize,1892.366943,197.7956002,-0.243562658,1
Maharashtra_Market_23,Mustard,5195.36627,553.6911127,-0.017105411,3
Maharashtra_Market_23,Onion,1501.134707,154.4020841,0.141406552,1
Maharashtra_Market_23,Potato,1202.45874,125.7973226,0.299337224,2
Maharashtra_Market_23,Rice,2810.575824,300.5338107,0.559578509,2
Maharashtra_Market_23,Soybean,4192.367154,441.8390596,0.079601353,3
Maharashtra_Market_23,Tomato,1796.00261,192.6014877,-0.095439151,1
Maharashtra_Market_23,Wheat,2201.739645,221.3206327,0.12442052,1
Maharashtra_Market_24,Maize,1900.226931,207.382898,0.202754998,1
Maharashtra_Market_24,Mustard,5209.707403,547.2513812,0.306091053,0
Maharashtra_Market_24,Onion,1504.508593,160.9289256,0.365961477,2
Maharashtra_Market_24,Potato,1199.483523,126.7488717,0.056698745,1
Maharashtra_Market_24,Rice,2795.678958,286.6190543,0.010482885,1
Maharashtra_Market_24,Soybean,4189.757853,432.857849,-0.033848154,3
Maharashtra_Market_24,Tomato,1801.273268,190.2804349,0.193555715,1
Maharashtra_Market_24,Wheat,2208.10668,224.1357432,0.383996881,2
Maharashtra_Market_3,Maize,1900.38846,196.8352171,0.224312998,1
Maharashtra_Market_3,Mustard,5200.853116,535.3852023,0.176205936,3
Maharashtra_Market_3,Onion,1503.681684,151.3042718,0.357343015,2
Maharashtra_Market_3,Potato,1201.160388,128.2483822,0.259007078,2
Maharashtra_Market_3,Rice,2809.233499,287.3854741,0.470825354,2
Maharashtra_Market_3,Soybean,4201.309836,437.463503,0.212600405,3
Maharashtra_Market_3,Tomato,1798.250504,188.6541053,0.030301572,1
Maharashtra_Market_3,Wheat,2200.174134,241.4029741,0.084293889,1
Maharashtra_Market_4,Maize,1894.028515,194.9475385,-0.037297695,1
Maharashtra_Market_4,Mustard,5218.975021,542.2755725,0.504169458,0
Maharashtra_Market_4,Onion,1495.259611,152.0178511,-0.237503798,1
Maharashtra_Market_4,Potato,1202.18399,125.7311731,0.369794536,2
Maharashtra_Market_4,Rice,2802.619266,287.2085654,0.24258622,2
Maharashtra_Market_4,Soybean,4183.438882,433.2329514,-0.139585665,3
Maharashtra_Market_4,Tomato,1798.205458,185.7135622,0.040094041,1
Maharashtra_Market_4,Wheat,2201.985143,230.1133235,0.098080406,1
Maharashtra_Market_5,Maize,1897.593041,194.7380087,0.107411829,1
Maharashtra_Market_5,Mustard,5219.201797,548.9144082,0.532708586,0
Maharashtra_Market_5,Onion,1497.325231,156.0967108,-0.041311051,1
Maharashtra_Market_5,Potato,1203.764829,131.3512687,0.449854946,2
Maharashtra_Market_5,Rice,2797.83279,290.8377827,0.09119613,1
Maharashtra_Market_5,Soybean,4184.786484,421.4996808,-0.178601615,3
Maharashtra_Market_5,Tomato,1809.303642,184.7512463,0.712769196,2
Maharashtra_Market_5,Wheat,2207.659587,248.7288957,0.419149634,2
Maharashtra_Market_6,Maize,1901.993733,195.3368884,0.329949423,2
Maharashtra_Market_6,Mustard,5198.270541,573.8114641,0.114951629,3
Maharashtra_Market_6,Onion,1500.40056,153.9069716,0.171881646,1
Maharashtra_Market_6,Potato,1204.591835,126.6616532,0.496676446,2
Maharashtra_Market_6,Rice,2808.61086,297.8336742,0.422938915,2
Maharashtra_Market_6,Soybean,4199.53537,418.8171171,0.22932489,0
Maharashtra_Market_6,Tomato,1800.562475,180.9961031,0.215921665,1
Maharashtra_Market_6,Wheat,2202.334527,228.0519299,0.163306353,1
Maharashtra_Market_7,Maize,1891.679381,197.1565221,-0.291007974,1
Maharashtra_Market_7,Mustard,5198.850217,546.4196535,0.121586439,3
Maharashtra_Market_7,Onion,1497.56656,155.2780018,0.035486731,1
Maharashtra_Market_7,Potato,1202.549922,129.1236382,0.397306055,2
Maharashtra_Market_7,Rice,2802.209633,286.9148998,0.214284794,1
Maharashtra_Market_7,Soybean,4200.079785,434.6884521,0.229402221,0
Maharashtra_Market_7,Tomato,1803.80813,184.6724692,0.380522374,2
Maharashtra_Market_7,Wheat,2199.540599,245.9283966,0.007491523,1
Maharashtra_Market_8,Maize,1897.645008,195.1130428,0.101461004,1
Maharashtra_Market_8,Mustard,5195.756127,537.6626367,0.08188527,3
Maharashtra_Market_8,Onion,1501.370241,154.6374791,0.262695903,2
Maharashtra_Market_8,Potato,1201.393148,123.8344682,0.258410353,2
Maharashtra_Market_8,Rice,2810.146874,309.6508523,0.492031607,2
Maharashtra_Market_8,Soybean,4206.905761,446.7728013,0.334595522,0
Maharashtra_Market_8,Tomato,1793.806809,186.226052,-0.148303814,1
Maharashtra_Market_8,Wheat,2209.072816,234.8588529,0.433834944,2
Maharashtra_Market_9,Maize,1900.019721,198.6404117,0.243169242,2
Maharashtra_Market_9,Mustard,5196.809639,538.3229407,0.13174572,3
Maharashtra_Market_9,Onion,1502.96114,159.3017612,0.303526362,2
Maharashtra_Market_9,Potato,1199.437032,130.6209206,0.071629674,1
Maharashtra_Market_9,Rice,2806.462203,284.5498538,0.393198224,2
Maharashtra_Market_9,Soybean,4210.727789,452.084793,0.430378029,0
Maharashtra_Market_9,Tomato,1795.050479,195.2465135,-0.177779981,1
Maharashtra_Market_9,Wheat,2199.916499,227.9312468,0.044755177,1
Punjab_Market_0,Maize,1902.182556,194.1536358,0.289642388,2
Punjab_Market_0,Mustard,5207.732874,556.8907687,0.376487933,0
Punjab_Market_0,Onion,1499.198994,147.7537146,0.05330957,1
Punjab_Market_0,Potato,1202.424827,127.2400871,0.365874717,2
Punjab_Market_0,Rice,2801.073719,290.7381008,0.323443278,2
Punjab_Market_0,Soybean,4187.199758,438.3253467,-0.110811671,3
Punjab_Market_0,Tomato,1800.063563,189.2977515,0.204499781,1
Punjab_Market_0,Wheat,2203.366894,228.3788304,0.250829276,2
Punjab_Market_1,Maize,1898.958431,192.3380883,0.097903477,1
Punjab_Market_1,Mustard,5200.629032,560.1102446,0.192982258,3
Punjab_Market_1,Onion,1496.623619,157.7728863,-0.048714788,1
Punjab_Market_1,Potato,1202.087721,124.5111775,0.340953626,2
Punjab_Market_1,Rice,2803.586284,296.4148863,0.309514421,2
Punjab_Market_1,Soybean,4202.6786,434.7146922,0.278962531,0
Punjab_Market_1,Tomato,1801.291381,182.8797256,0.30799646,2
Punjab_Market_1,Wheat,2200.628785,231.3757728,0.144441613,1
Punjab_Market_10,Maize,1900.062247,195.0226766,0.124814597,1
Punjab_Market_10,Mustard,5203.037667,567.9314685,0.269144281,0
Punjab_Market_10,Onion,1502.637298,160.6470613,0.3270104,2
Punjab_Market_10,Potato,1197.684694,125.9079275,0.099790059,1
Punjab_Market_10,Rice,2794.755422,300.1497473,0.032811599,1
Punjab_Market_10,Soybean,4207.453782,455.2365851,0.277275634,0
Punjab_Market_10,Tomato,1799.816165,187.8115393,0.262623704,2
Punjab_Market_10,Wheat,2205.329254,234.1379237,0.425089883,2
Punjab_Market_11,Maize,1906.115046,203.6093893,0.41118573,2
Punjab_Market_11,Mustard,5201.68446,534.0084359,0.198684558,3
Punjab_Market_11,Onion,1501.038193,159.6649113,0.241909746,2
Punjab_Market_11,Potato,1201.288677,128.6837553,0.3270463,2
Punjab_Market_11,Rice,2808.706508,295.007009,0.503061156,2
Punjab_Market_11,Soybean,4200.34646,435.1851024,0.167518693,3
Punjab_Market_11,Tomato,1808.439052,190.8434597,0.646040628,2
Punjab_Market_11,Wheat,2196.015985,227.8786976,-0.039636324,1
Punjab_Market_12,Maize,1895.775791,196.8995178,-0.062101657,1
Punjab_Market_12,Mustard,5207.997979,521.3259961,0.350074648,0
Punjab_Market_12,Onion,1500.06903,157.8477666,0.190010915,1
Punjab_Market_12,Potato,1200.141479,126.1644853,0.266591487,2
Punjab_Market_12,Rice,2798.677104,285.8910048,0.14411896,1
Punjab_Market_12,Soybean,4198.872382,441.5329449,0.14192021,3
Punjab_Market_12,Tomato,1800.451935,195.1192321,0.223063307,1
Punjab_Market_12,Wheat,2209.190265,221.4010755,0.526349666,2
Punjab_Market_13,Maize,1898.440347,200.3892351,0.087775203,1
Punjab_Market_13,Mustard,5182.632597,527.484177,-0.162122322,3
Punjab_Market_13,Onion,1506.240605,161.4370264,0.605027445,2
Punjab_Market_13,Potato,1200.65004,122.3605525,0.298520266,2
Punjab_Market_13,Rice,2797.832586,289.1426072,0.125483549,1
Punjab_Market_13,Soybean,4195.979624,445.7616841,0.113047133,3
Punjab_Market_13,Tomato,1801.503614,192.5487029,0.297244924,2
Punjab_Market_13,Wheat,2203.30875,230.0781683,0.264623663,2
Punjab_Market_14,Maize,1909.554352,208.9874928,0.611751373,2
Punjab_Market_14,Mustard,5195.685421,540.0993301,0.070798463,3
Punjab_Market_14,Onion,1505.451145,151.1517408,0.455827812,2
Punjab_Market_14,Potato,1197.80098,125.326444,0.080339158,1
Punjab_Market_14,Rice,2796.200986,291.7731044,0.128600815,1
Punjab_Market_14,Soybean,4208.991125,465.9981593,0.438466438,0
Punjab_Market_14,Tomato,1802.703414,185.2446787,0.362078257,2
Punjab_Market_14,Wheat,2204.065861,220.2444547,0.291984187,2
Punjab_Market_15,Maize,1895.956452,198.1720695,-0.058472696,1
Punjab_Market_15,Mustard,5194.481616,567.2777888,0.120869307,3
Punjab_Market_15,Onion,1497.746707,159.7823566,-0.058388706,1
Punjab_Market_15,Potato,1199.085417,128.824576,0.151046889,1
Punjab_Market_15,Rice,2796.963651,288.5473104,0.133573363,1
Punjab_Market_15,Soybean,4208.088175,436.6840412,0.358349097,0
Punjab_Market_15,Tomato,1799.905141,184.7860251,0.247570721,2
Punjab_Market_15,Wheat,2192.136003,229.5631377,-0.160335908,1
Punjab_Market_16,Maize,1901.846404,192.669811,0.236357074,2
Punjab_Market_16,Mustard,5200.753072,544.6754132,0.225318861,0
Punjab_Market_16,Onion,1503.503699,167.2502221,0.387878781,2
Punjab_Market_16,Potato,1199.175221,126.6003491,0.123792084,1
Punjab_Market_16,Rice,2803.825262,279.6361876,0.336674793,2
Punjab_Market_16,Soybean,4216.319174,437.9770085,0.550930739,0
Punjab_Market_16,Tomato,1794.860251,186.2003751,-0.072320664,1
Punjab_Market_16,Wheat,2200.472888,227.1842007,0.160428208,1
Punjab_Market_17,Maize,1894.055866,199.0885741,-0.066337786,1
Punjab_Market_17,Mustard,5198.298655,541.8040402,0.149623552,3
Punjab_Market_17,Onion,1500.086753,154.2482129,0.197676793,1
Punjab_Market_17,Potato,1201.568566,126.6995814,0.358048117,2
Punjab_Market_17,Rice,2801.724118,295.5129989,0.221515081,1
Punjab_Market_17,Soybean,4202.003639,444.9283314,0.266303173,0
Punjab_Market_17,Tomato,1793.55132,189.3971548,-0.132059141,1
Punjab_Market_17,Wheat,2203.095808,226.2662417,0.268721544,2
Punjab_Market_18,Maize,1902.801834,197.9251444,0.311306604,2
Punjab_Market_18,Mustard,5208.96898,550.3230528,0.377638496,0
Punjab_Market_18,Onion,1500.113655,150.9819101,0.175519189,1
Punjab_Market_18,Potato,1197.266493,120.3128462,0.015428634,1
Punjab_Market_18,Rice,2795.912692,301.0248871,0.038565879,1
Punjab_Market_18,Soybean,4203.990605,450.5858475,0.333350485,0
Punjab_Market_18,Tomato,1796.536021,188.6057188,-0.020204701,1
Punjab_Market_18,Wheat,2202.492394,239.2693744,0.226333682,1
Punjab_Market_19,Maize,1894.458167,193.3222879,-0.089366946,1
Punjab_Market_19,Mustard,5189.315434,558.2859597,-0.04086015,3
Punjab_Market_19,Onion,1500.303761,155.3669373,0.164801827,1
Punjab_Market_19,Potato,1203.373799,125.9850572,0.556601719,2
Punjab_Market_19,Rice,2800.893702,301.0849035,0.259198083,2
Punjab_Market_19,Soybean,4200.495935,437.6195148,0.170553955,3
Punjab_Market_19,Tomato,1800.379303,190.8479326,0.190357136,1
Punjab_Market_19,Wheat,2196.650636,228.3394067,0.03979268,1
Punjab_Market_2,Maize,1897.638889,204.5999115,0.084440585,1
Punjab_Market_2,Mustard,5181.496721,532.205082,-0.155365786,3
Punjab_Market_2,Onion,1500.044717,160.5825733,0.177428718,1
Punjab_Market_2,Potato,1196.567532,125.3599151,-0.034034844,1
Punjab_Market_2,Rice,2797.104435,280.0784358,0.10559903,1
Punjab_Market_2,Soybean,4195.473494,435.9846467,0.134783439,3
Punjab_Market_2,Tomato,1800.635708,193.1250375,0.231671624,2
Punjab_Market_2,Wheat,2202.043846,229.3054346,0.199234574,1
Punjab_Market_20,Maize,1899.81308,201.6380111,0.173026695,1
Punjab_Market_20,Mustard,5188.20425,544.7519633,-0.091845372,3
Punjab_Market_20,Onion,1501.884739,159.1943494,0.340788113,2
Punjab_Market_20,Potato,1202.851252,126.2924654,0.420089759,2
Punjab_Market_20,Rice,2803.019953,283.3560178,0.322449804,2
Punjab_Market_20,Soybean,4207.102245,438.1062435,0.403821302,0
Punjab_Market_20,Tomato,1803.913704,190.6894359,0.409080717,2
Punjab_Market_20,Wheat,2211.652519,242.2201278,0.65743581,2
Punjab_Market_21,Maize,1897.559136,191.4324903,0.061953403,1
Punjab_Market_21,Mustard,5204.364849,546.7011662,0.24859987,0
Punjab_Market_21,Onion,1496.980969,157.2273848,-0.036864129,1
Punjab_Market_21,Potato,1199.950436,126.6869787,0.315687674,2
Punjab_Market_21,Rice,2803.468483,293.7130783,0.321186097,2
Punjab_Market_21,Soybean,4204.0695,451.6076909,0.24006125,0
Punjab_Market_21,Tomato,1799.755645,189.3918037,0.171507769,1
Punjab_Market_21,Wheat,2206.938353,230.6751514,0.40294018,2
Punjab_Market_22,Maize,1897.443707,203.4696231,0.061075188,1
Punjab_Market_22,Mustard,5206.156579,528.4351845,0.304673427,0
Punjab_Market_22,Onion,1503.709526,159.7588486,0.405792412,2
Punjab_Market_22,Potato,1198.540896,121.1419314,0.127426554,1
Punjab_Market_22,Rice,2801.076109,288.9685048,0.229170808,1
Punjab_Market_22,Soybean,4201.828659,443.9223397,0.178748777,3
Punjab_Market_22,Tomato,1801.661656,196.5240005,0.336361387,2
Punjab_Market_22,Wheat,2195.377519,232.879055,-0.083643291,1
Punjab_Market_23,Maize,1902.186686,209.3171561,0.27645785,2
Punjab_Market_23,Mustard,5198.319499,549.7370191,0.122737062,3
Punjab_Market_23,Onion,1502.998257,157.5975396,0.351107461,2
Punjab_Market_23,Potato,1202.697452,124.8203331,0.46743657,2
Punjab_Market_23,Rice,2806.486362,282.1996313,0.445988659,2
Punjab_Market_23,Soybean,4205.598,448.7103533,0.325284451,0
Punjab_Market_23,Tomato,1801.827621,184.2110737,0.328073039,2
Punjab_Market_23,Wheat,2207.611502,232.376111,0.485956305,2
Punjab_Market_24,Maize,1903.982262,202.1427256,0.395623171,2
Punjab_Market_24,Mustard,5222.82004,524.0981126,0.611132849,0
Punjab_Market_24,Onion,1493.848133,159.3767334,-0.236160216,1
Punjab_Market_24,Potato,1199.894925,119.5761085,0.100826359,1
Punjab_Market_24,Rice,2797.069365,294.0490943,0.105722026,1
Punjab_Market_24,Soybean,4207.571834,417.9758021,0.345468039,0
Punjab_Market_24,Tomato,1798.837956,186.403574,0.172187937,1
Punjab_Market_24,Wheat,2203.369936,229.7929112,0.313567068,2
Punjab_Market_3,Maize,1905.610775,205.0903782,0.553948696,2
Punjab_Market_3,Mustard,5209.980844,553.34672,0.392297476,0
Punjab_Market_3,Onion,1499.186735,152.966006,0.124468969,1
Punjab_Market_3,Potato,1196.91395,121.6620043,0.02223551,1
Punjab_Market_3,Rice,2794.391494,301.836306,0.028182751,1
Punjab_Market_3,Soybean,4201.282626,445.3503885,0.224711653,0
Punjab_Market_3,Tomato,1800.588061,200.2817195,0.23216387,2
Punjab_Market_3,Wheat,2201.026983,229.987047,0.19659841,1
Punjab_Market_4,Maize,1897.197547,197.0451739,-0.009018197,1
Punjab_Market_4,Mustard,5200.670398,543.3010114,0.190267075,3
Punjab_Market_4,Onion,1501.828337,152.4150254,0.253337322,2
Punjab_Market_4,Potato,1201.578808,129.8359818,0.367125905,2
Punjab_Market_4,Rice,2803.612713,290.6249587,0.313717814,2
Punjab_Market_4,Soybean,4186.501401,454.1342143,-0.114792727,3
Punjab_Market_4,Tomato,1806.944003,194.8190364,0.612161824,2
Punjab_Market_4,Wheat,2200.836554,229.2791906,0.107600616,1
Punjab_Market_5,Maize,1906.885022,199.9649394,0.474741287,2
Punjab_Market_5,Mustard,5193.1083,561.0432003,0.081826602,3
Punjab_Market_5,Onion,1501.744563,150.731706,0.257537423,2
Punjab_Market_5,Potato,1198.607101,128.654193,0.049163122,1
Punjab_Market_5,Rice,2796.344414,298.0110746,0.029651375,1
Punjab_Market_5,Soybean,4193.676385,452.1794208,0.091032199,3
Punjab_Market_5,Tomato,1796.957581,180.9197213,-0.015895331,1
Punjab_Market_5,Wheat,2201.978469,227.9625079,0.16672731,1
Punjab_Market_6,Maize,1903.139887,201.5490331,0.313127534,2
Punjab_Market_6,Mustard,5195.786364,539.0680096,0.102112669,3
Punjab_Market_6,Onion,1499.795056,158.3036605,0.190840874,1
Punjab_Market_6,Potato,1202.55966,124.0225041,0.484247679,2
Punjab_Market_6,Rice,2798.976021,291.8562394,0.231724403,1
Punjab_Market_6,Soybean,4206.947945,442.5970148,0.373346222,0
Punjab_Market_6,Tomato,1807.487368,184.5384577,0.653984222,2
Punjab_Market_6,Wheat,2196.699879,243.1846396,-0.083151599,1
Punjab_Market_7,Maize,1901.785686,203.8293061,0.260301613,2
Punjab_Market_7,Mustard,5204.847354,551.7372031,0.238677711,0
Punjab_Market_7,Onion,1500.459671,160.0880898,0.109779821,1
Punjab_Market_7,Potato,1200.909768,126.2560889,0.296346401,2
Punjab_Market_7,Rice,2803.062149,289.6084292,0.293743471,2
Punjab_Market_7,Soybean,4206.768039,441.3149217,0.356329688,0
Punjab_Market_7,Tomato,1803.534973,191.8937588,0.39868456,2
Punjab_Market_7,Wheat,2201.217787,232.2773121,0.131395822,1
Punjab_Market_8,Maize,1902.709776,195.8179481,0.29267496,2
Punjab_Market_8,Mustard,5185.678161,543.2522962,-0.098469101,3
Punjab_Market_8,Onion,1498.722912,146.5197039,0.092183427,1
Punjab_Market_8,Potato,1199.084752,122.3430475,0.151438564,1
Punjab_Market_8,Rice,2812.546,295.741491,0.725016008,2
Punjab_Market_8,Soybean,4213.219992,434.6669268,0.513979231,0
Punjab_Market_8,Tomato,1801.491536,186.4814189,0.294063752,2
Punjab_Market_8,Wheat,2201.897617,222.0630141,0.180494739,1
Punjab_Market_9,Maize,1905.846058,198.9582795,0.531051671,2
Punjab_Market_9,Mustard,5204.622249,545.1457876,0.325891454,0
Punjab_Market_9,Onion,1497.1176,154.7817296,-0.030231727,1
Punjab_Market_9,Potato,1202.174881,122.6879609,0.407068129,2
Punjab_Market_9,Rice,2793.475541,300.9357315,-0.058443412,1
Punjab_Market_9,Soybean,4190.459793,423.4543919,-0.040475655,3
Punjab_Market_9,Tomato,1798.090984,188.3407432,0.090427927,1
Punjab_Market_9,Wheat,2207.026821,231.8964062,0.480418165,2
Rajasthan_Market_0,Maize,1905.688683,205.9964958,0.48298098,2
Rajasthan_Market_0,Mustard,5212.877276,557.8492702,0.484148678,0
Rajasthan_Market_0,Onion,1498.793352,149.971392,0.091698896,1
Rajasthan_Market_0,Potato,1201.663035,128.0351999,0.35767521,2
Rajasthan_Market_0,Rice,2804.461771,294.3999397,0.418812733,2
Rajasthan_Market_0,Soybean,4205.6408,438.4664924,0.28969911,0
Rajasthan_Market_0,Tomato,1797.503555,183.3092828,0.102948792,1
Rajasthan_Market_0,Wheat,2201.933755,223.2043695,0.240087391,2
Rajasthan_Market_1,Maize,1898.663376,201.2519479,0.062527524,1
Rajasthan_Market_1,Mustard,5205.858606,559.7655894,0.307638085,0
Rajasthan_Market_1,Onion,1499.584532,152.2227381,0.153663885,1
Rajasthan_Market_1,Potato,1201.633122,130.2150608,0.323756398,2
Rajasthan_Market_1,Rice,2793.140108,295.5425846,-0.083224301,1
Rajasthan_Market_1,Soybean,4198.402592,441.034543,0.136611602,3
Rajasthan_Market_1,Tomato,1804.020933,186.9817058,0.472000387,2
Rajasthan_Market_1,Wheat,2208.043539,229.0880499,0.434652249,2
Rajasthan_Market_10,Maize,1896.977218,197.2551374,-0.027897298,1
Rajasthan_Market_10,Mustard,5204.861753,545.0825863,0.345447246,0
Rajasthan_Market_10,Onion,1499.610435,157.89702,0.191975152,1
Rajasthan_Market_10,Potato,1202.784845,126.087027,0.458810228,2
Rajasthan_Market_10,Rice,2802.597692,292.8349913,0.325005434,2
Rajasthan_Market_10,Soybean,4213.589178,434.8996118,0.505368466,0
Rajasthan_Market_10,Tomato,1796.414967,193.1499099,0.093985514,1
Rajasthan_Market_10,Wheat,2196.465586,223.806825,0.019885988,1
Rajasthan_Market_11,Maize,1902.693779,195.9060703,0.273413306,2
Rajasthan_Market_11,Mustard,5195.754498,529.5286633,0.164992924,3
Rajasthan_Market_11,Onion,1500.423805,156.2388765,0.219140775,1
Rajasthan_Market_11,Potato,1201.041466,127.2975161,0.304315848,2
Rajasthan_Market_11,Rice,2802.088906,291.0355433,0.294335464,2
Rajasthan_Market_11,Soybean,4208.554797,442.3325691,0.390951391,0
Rajasthan_Market_11,Tomato,1803.881356,190.639506,0.513163692,2
Rajasthan_Market_11,Wheat,2206.057599,235.849577,0.441739373,2
Rajasthan_Market_12,Maize,1904.14998,209.0229194,0.306508843,2
Rajasthan_Market_12,Mustard,5202.211447,538.483874,0.289195796,0
Rajasthan_Market_12,Onion,1500.351148,150.8460635,0.302431695,2
Rajasthan_Market_12,Potato,1198.698936,127.9718575,0.165908354,1
Rajasthan_Market_12,Rice,2804.415694,300.0333386,0.393096889,2
Rajasthan_Market_12,Soybean,4196.6771,431.8270464,0.098416627,3
Rajasthan_Market_12,Tomato,1804.300405,190.0885525,0.506683208,2
Rajasthan_Market_12,Wheat,2195.482007,231.0265898,-0.111244607,1
Rajasthan_Market_13,Maize,1900.863869,200.5320298,0.132838652,1
Rajasthan_Market_13,Mustard,5218.734968,532.0129675,0.537716374,0
Rajasthan_Market_13,Onion,1501.801624,160.5110906,0.352180584,2
Rajasthan_Market_13,Potato,1201.180436,121.9053446,0.359491377,2
Rajasthan_Market_13,Rice,2797.724652,298.8235454,0.164697231,1
Rajasthan_Market_13,Soybean,4199.729495,446.774164,0.199969526,3
Rajasthan_Market_13,Tomato,1805.827789,198.6203079,0.604438975,2
Rajasthan_Market_13,Wheat,2199.942713,224.5784349,0.216232002,1
Rajasthan_Market_14,Maize,1909.482489,199.0180118,0.611841352,2
Rajasthan_Market_14,Mustard,5210.536432,526.8959915,0.440393639,0
Rajasthan_Market_14,Onion,1502.991653,153.0015226,0.371539762,2
Rajasthan_Market_14,Potato,1201.831509,120.6123987,0.368569062,2
Rajasthan_Market_14,Rice,2802.80521,293.2423495,0.321648393,2
Rajasthan_Market_14,Soybean,4217.791752,427.6600309,0.576987219,0
Rajasthan_Market_14,Tomato,1797.576923,189.2203464,0.136332704,1
Rajasthan_Market_14,Wheat,2199.896421,234.7441447,0.060744233,1
Rajasthan_Market_15,Maize,1899.265417,204.8513399,0.116174018,1
Rajasthan_Market_15,Mustard,5200.355529,525.5714344,0.231300194,0
Rajasthan_Market_15,Onion,1497.278146,159.6250953,0.065442326,1
Rajasthan_Market_15,Potato,1201.0335,129.2349045,0.294223219,2
Rajasthan_Market_15,Rice,2800.724769,300.8839255,0.262888688,2
Rajasthan_Market_15,Soybean,4205.943358,454.0790261,0.323254412,0
Rajasthan_Market_15,Tomato,1796.83133,187.5107048,0.109708278,1
Rajasthan_Market_15,Wheat,2209.743874,230.7382479,0.573139478,2
Rajasthan_Market_16,Maize,1910.182018,195.8325538,0.654967063,2
Rajasthan_Market_16,Mustard,5202.45731,558.5839125,0.284424705,0
Rajasthan_Market_16,Onion,1506.427751,161.8638828,0.608840422,2
Rajasthan_Market_16,Potato,1202.881148,128.812867,0.517440677,2
Rajasthan_Market_16,Rice,2807.234236,296.7553095,0.430435108,2
Rajasthan_Market_16,Soybean,4201.335857,443.5498029,0.220828495,0
Rajasthan_Market_16,Tomato,1798.68148,181.700959,0.190528087,1
Rajasthan_Market_16,Wheat,2202.383327,236.3176535,0.255404242,2
Rajasthan_Market_17,Maize,1905.935605,201.3926997,0.424613305,2
Rajasthan_Market_17,Mustard,5187.818932,556.1645092,0.0364808,3
Rajasthan_Market_17,Onion,1497.257857,157.7959552,0.065180799,1
Rajasthan_Market_17,Potato,1196.429583,129.8318031,-0.145754705,1
Rajasthan_Market_17,Rice,2795.221562,291.4365355,0.040159741,1
Rajasthan_Market_17,Soybean,4205.658799,449.4501966,0.320849924,0
Rajasthan_Market_17,Tomato,1800.226068,179.6595545,0.297999585,2
Rajasthan_Market_17,Wheat,2198.186691,232.3127086,0.068059965,1
Rajasthan_Market_18,Maize,1899.493937,204.9889431,0.044054771,1
Rajasthan_Market_18,Mustard,5198.404424,575.8880473,0.261837921,0
Rajasthan_Market_18,Onion,1501.529737,157.6121402,0.335776603,2
Rajasthan_Market_18,Potato,1202.753131,131.2680894,0.475766061,2
Rajasthan_Market_18,Rice,2797.175599,299.0513787,0.18998453,1
Rajasthan_Market_18,Soybean,4192.19166,450.8662129,0.014591212,3
Rajasthan_Market_18,Tomato,1803.466835,179.835823,0.508891887,2
Rajasthan_Market_18,Wheat,2198.401666,230.1920522,0.104078818,1
Rajasthan_Market_19,Maize,1903.472543,203.1239041,0.303150911,2
Rajasthan_Market_19,Mustard,5200.559006,555.65152,0.165952413,3
Rajasthan_Market_19,Onion,1499.460834,164.4215708,0.158457398,1
Rajasthan_Market_19,Potato,1198.817878,127.016582,0.158208637,1
Rajasthan_Market_19,Rice,2794.87439,299.2469192,0.039479711,1
Rajasthan_Market_19,Soybean,4209.060114,426.0106968,0.376518054,0
Rajasthan_Market_19,Tomato,1804.988353,186.5984959,0.542004459,2
Rajasthan_Market_19,Wheat,2206.095103,237.5271744,0.409308746,2
Rajasthan_Market_2,Maize,1902.906898,207.2793152,0.270867014,2
Rajasthan_Market_2,Mustard,5191.20275,555.9768099,0.075323328,3
Rajasthan_Market_2,Onion,1506.309069,159.4419187,0.593645586,2
Rajasthan_Market_2,Potato,1197.964699,121.927953,0.009448398,1
Rajasthan_Market_2,Rice,2808.507031,285.7058809,0.560765924,2
Rajasthan_Market_2,Soybean,4195.682127,446.6682829,0.103019175,3
Rajasthan_Market_2,Tomato,1804.138294,192.5583096,0.523572681,2
Rajasthan_Market_2,Wheat,2202.079327,240.0452532,0.227618641,1
Rajasthan_Market_20,Maize,1898.813523,195.0521056,0.069847245,1
Rajasthan_Market_20,Mustard,5186.71936,565.852256,-0.029470622,3
Rajasthan_Market_20,Onion,1497.037879,157.3824306,-0.004189583,1
Rajasthan_Market_20,Potato,1204.163751,128.2955895,0.574352581,2
Rajasthan_Market_20,Rice,2797.518591,293.7805076,0.184074979,1
Rajasthan_Market_20,Soybean,4196.393688,426.7482923,0.126974673,3
Rajasthan_Market_20,Tomato,1795.186957,186.8278236,0.034092672,1
Rajasthan_Market_20,Wheat,2196.161341,230.7854857,0.033682358,1
Rajasthan_Market_21,Maize,1902.741345,192.1114767,0.266335345,2
Rajasthan_Market_21,Mustard,5208.420261,535.3710288,0.432488399,0
Rajasthan_Market_21,Onion,1502.407796,162.3451571,0.373607876,2
Rajasthan_Market_21,Potato,1199.703689,121.8968467,0.26913218,2
Rajasthan_Market_21,Rice,2806.621411,307.4011136,0.453376128,2
Rajasthan_Market_21,Soybean,4189.225926,443.8286901,-0.028706796,3
Rajasthan_Market_21,Tomato,1795.067748,185.426257,0.01370399,1
Rajasthan_Market_21,Wheat,2195.827796,228.6625455,-0.040617746,1
Rajasthan_Market_22,Maize,1901.140108,199.9514448,0.109566694,1
Rajasthan_Market_22,Mustard,5214.739506,558.7982557,0.564723895,0
Rajasthan_Market_22,Onion,1500.282868,154.0430775,0.219778807,1
Rajasthan_Market_22,Potato,1196.208857,131.2164905,-0.110121294,1
Rajasthan_Market_22,Rice,2807.273234,288.5175856,0.458618666,2
Rajasthan_Market_22,Soybean,4207.251221,442.4401873,0.451181927,0
Rajasthan_Market_22,Tomato,1796.05028,196.7829254,0.090396772,1
Rajasthan_Market_22,Wheat,2198.228324,232.4819844,0.045994833,1
Rajasthan_Market_23,Maize,1902.225518,202.3363645,0.251165477,2
Rajasthan_Market_23,Mustard,5199.639363,550.4362655,0.202275464,3
Rajasthan_Market_23,Onion,1502.532188,159.7885813,0.423505793,2
Rajasthan_Market_23,Potato,1198.705763,121.4746593,0.107509295,1
Rajasthan_Market_23,Rice,2803.553861,281.964444,0.373542759,2
Rajasthan_Market_23,Soybean,4209.931981,437.3628275,0.442368716,0
Rajasthan_Market_23,Tomato,1803.399757,193.2800334,0.478848001,2
Rajasthan_Market_23,Wheat,2206.708998,230.3367677,0.479886097,2
Rajasthan_Market_24,Maize,1910.368827,211.5100402,0.681278868,2
Rajasthan_Market_24,Mustard,5187.346507,524.8899513,0.047144331,3
Rajasthan_Market_24,Onion,1502.597746,163.052114,0.388521153,2
Rajasthan_Market_24,Potato,1194.270064,125.5998286,-0.224853492,1
Rajasthan_Market_24,Rice,2792.486192,303.4085175,-0.018837231,1
Rajasthan_Market_24,Soybean,4214.587879,452.3771081,0.55011373,0
Rajasthan_Market_24,Tomato,1796.955382,192.5106552,0.118020933,1
Rajasthan_Market_24,Wheat,2206.071965,232.9057563,0.405300905,2
Rajasthan_Market_3,Maize,1901.114988,198.212977,0.19738622,1
Rajasthan_Market_3,Mustard,5195.613355,538.982592,0.174719823,3
Rajasthan_Market_3,Onion,1501.000386,161.3772182,0.235478877,2
Rajasthan_Market_3,Potato,1200.209883,127.900732,0.306016662,2
Rajasthan_Market_3,Rice,2792.720571,303.9393783,-0.036835684,1
Rajasthan_Market_3,Soybean,4196.512115,447.5943814,0.110616801,3
Rajasthan_Market_3,Tomato,1804.114673,193.6421097,0.534797545,2
Rajasthan_Market_3,Wheat,2198.45736,227.6126228,0.062689774,1
Rajasthan_Market_4,Maize,1893.206356,191.1631727,-0.243064511,1
Rajasthan_Market_4,Mustard,5193.501178,540.9332918,0.139564247,3
Rajasthan_Market_4,Onion,1500.185908,156.89151,0.194347646,1
Rajasthan_Market_4,Potato,1201.040088,126.7126378,0.328926485,2
Rajasthan_Market_4,Rice,2803.43899,278.1799782,0.372292842,2
Rajasthan_Market_4,Soybean,4201.962287,445.3175307,0.260525452,0
Rajasthan_Market_4,Tomato,1804.095703,188.5995451,0.530849778,2
Rajasthan_Market_4,Wheat,2209.91288,222.5461455,0.583879705,2
Rajasthan_Market_5,Maize,1903.42052,203.8257822,0.284338099,2
Rajasthan_Market_5,Mustard,5204.856845,576.5481129,0.339142515,0
Rajasthan_Market_5,Onion,1505.325356,151.8995036,0.551633674,2
Rajasthan_Market_5,Potato,1198.36907,121.992915,0.08115681,1
Rajasthan_Market_5,Rice,2793.965764,287.1569514,0.000101825,1
Rajasthan_Market_5,Soybean,4193.262121,459.3104379,0.028517349,3
Rajasthan_Market_5,Tomato,1796.318763,191.0817754,0.104415571,1
Rajasthan_Market_5,Wheat,2199.725082,228.7971273,0.08100251,1
Rajasthan_Market_6,Maize,1899.097338,201.2302199,0.098224155,1
Rajasthan_Market_6,Mustard,5184.286396,541.9906426,-0.11178548,3
Rajasthan_Market_6,Onion,1494.463348,153.2022383,-0.107504215,1
Rajasthan_Market_6,Potato,1196.159439,122.8849652,-0.070857936,1
Rajasthan_Market_6,Rice,2799.156031,295.1611948,0.188269325,1
Rajasthan_Market_6,Soybean,4193.958784,449.4631014,0.012622617,3
Rajasthan_Market_6,Tomato,1795.735153,181.4834539,0.090069562,1
Rajasthan_Market_6,Wheat,2202.902806,231.5424205,0.201581091,1
Rajasthan_Market_7,Maize,1899.690952,193.3779456,0.09826547,1
Rajasthan_Market_7,Mustard,5215.213705,556.5477755,0.547493464,0
Rajasthan_Market_7,Onion,1500.631764,158.1063539,0.234594881,2
Rajasthan_Market_7,Potato,1203.725916,129.6073771,0.440692231,2
Rajasthan_Market_7,Rice,2794.578447,289.6104532,0.042650278,1
Rajasthan_Market_7,Soybean,4194.472222,425.9947339,0.037076049,3
Rajasthan_Market_7,Tomato,1800.836421,183.2749924,0.342523218,2
Rajasthan_Market_7,Wheat,2199.278574,235.5856267,0.026968032,1
Rajasthan_Market_8,Maize,1897.436183,196.9053705,0.014134243,1
Rajasthan_Market_8,Mustard,5194.804935,559.4669407,0.112289697,3
Rajasthan_Market_8,Onion,1498.197757,152.4633241,0.047813834,1
Rajasthan_Market_8,Potato,1198.003615,125.7458638,0.182067308,1
Rajasthan_Market_8,Rice,2819.554712,305.1000815,0.882490651,2
Rajasthan_Market_8,Soybean,4202.72643,436.3127159,0.278659243,0
Rajasthan_Market_8,Tomato,1798.459085,189.6898802,0.204895718,1
Rajasthan_Market_8,Wheat,2193.115936,239.9647243,-0.206304793,1
Rajasthan_Market_9,Maize,1903.545161,198.2817995,0.271867063,2
Rajasthan_Market_9,Mustard,5201.285375,536.080344,0.362102298,0
Rajasthan_Market_9,Onion,1500.556235,158.7784349,0.293719186,2
Rajasthan_Market_9,Potato,1204.501284,123.9577736,0.63286971,2
Rajasthan_Market_9,Rice,2800.068809,299.7514421,0.259786584,2
Rajasthan_Market_9,Soybean,4189.147047,436.9399796,-0.105404153,3
Rajasthan_Market_9,Tomato,1802.2758,184.6455478,0.411148434,2
Rajasthan_Market_9,Wheat,2201.615385,231.4540654,0.222405301,1
Uttar Pradesh_Market_0,Maize,1903.213043,204.794228,0.343539792,2
Uttar Pradesh_Market_0,Mustard,5213.891616,575.5054973,0.339680171,0
Uttar Pradesh_Market_0,Onion,1507.688616,152.9695939,0.715550697,2
Uttar Pradesh_Market_0,Potato,1199.788632,124.2729467,0.267538275,2
Uttar Pradesh_Market_0,Rice,2798.003662,292.1480075,0.090777893,1
Uttar Pradesh_Market_0,Soybean,4183.78678,425.9593192,-0.191833083,3
Uttar Pradesh_Market_0,Tomato,1806.649154,193.9312193,0.494089555,2
Uttar Pradesh_Market_0,Wheat,2198.694635,230.8019495,0.180590315,1
Uttar Pradesh_Market_1,Maize,1908.2503,198.8286187,0.577215553,2
Uttar Pradesh_Market_1,Mustard,5199.302616,515.23629,0.128812461,3
Uttar Pradesh_Market_1,Onion,1500.116431,151.9022323,0.206461188,1
Uttar Pradesh_Market_1,Potato,1205.398434,122.938878,0.726956629,2
Uttar Pradesh_Market_1,Rice,2805.308225,292.1050101,0.416106909,2
Uttar Pradesh_Market_1,Soybean,4207.500196,439.318944,0.404112467,0
Uttar Pradesh_Market_1,Tomato,1801.424547,193.1182425,0.283142479,2
Uttar Pradesh_Market_1,Wheat,2197.947399,235.2747694,0.120758425,1
Uttar Pradesh_Market_10,Maize,1901.674732,202.6814543,0.249708635,2
Uttar Pradesh_Market_10,Mustard,5192.251198,540.9675599,0.049881733,3
Uttar Pradesh_Market_10,Onion,1495.149137,147.8248884,-0.105059636,1
Uttar Pradesh_Market_10,Potato,1201.795365,124.3561433,0.346173804,2
Uttar Pradesh_Market_10,Rice,2805.70794,292.6631451,0.431022913,2
Uttar Pradesh_Market_10,Soybean,4211.04816,444.0176004,0.486604079,0
Uttar Pradesh_Market_10,Tomato,1796.960973,176.618478,0.000947196,1
Uttar Pradesh_Market_10,Wheat,2201.930626,231.3192955,0.392704411,2
Uttar Pradesh_Market_11,Maize,1908.778321,206.1194756,0.517448339,2
Uttar Pradesh_Market_11,Mustard,5219.170722,568.0488318,0.487537194,0
Uttar Pradesh_Market_11,Onion,1500.407639,163.4967386,0.267537885,2
Uttar Pradesh_Market_11,Potato,1200.316474,125.9749413,0.182477796,1
Uttar Pradesh_Market_11,Rice,2795.335006,286.7908592,-0.032258152,1
Uttar Pradesh_Market_11,Soybean,4189.699438,443.3039682,-0.036342078,3
Uttar Pradesh_Market_11,Tomato,1798.636289,178.1366913,0.103336239,1
Uttar Pradesh_Market_11,Wheat,2201.052824,235.2341849,0.362122249,2
Uttar Pradesh_Market_12,Maize,1909.408499,196.6239939,0.592519354,2
Uttar Pradesh_Market_12,Mustard,5211.618314,532.295498,0.364865961,0
Uttar Pradesh_Market_12,Onion,1500.601477,153.8782871,0.259930684,2
Uttar Pradesh_Market_12,Potato,1200.621914,121.4965307,0.183806497,1
Uttar Pradesh_Market_12,Rice,2796.194878,285.3490727,0.09906104,1
Uttar Pradesh_Market_12,Soybean,4204.802154,432.7689919,0.309134416,0
Uttar Pradesh_Market_12,Tomato,1805.661369,194.8201493,0.455816196,2
Uttar Pradesh_Market_12,Wheat,2220.343776,226.3045656,1.11953106,2
Uttar Pradesh_Market_13,Maize,1905.271395,208.0573567,0.399762074,2
Uttar Pradesh_Market_13,Mustard,5203.056924,538.6340008,0.218718668,0
Uttar Pradesh_Market_13,Onion,1500.925619,154.496805,0.323061628,2
Uttar Pradesh_Market_13,Potato,1203.163721,133.8902785,0.481241434,2
Uttar Pradesh_Market_13,Rice,2793.337209,288.0799258,-0.039049701,1
Uttar Pradesh_Market_13,Soybean,4197.079968,421.6410063,0.167336327,3
Uttar Pradesh_Market_13,Tomato,1797.259521,185.2309735,-0.021814973,1
Uttar Pradesh_Market_13,Wheat,2197.619214,227.8436245,0.149804544,1
Uttar Pradesh_Market_14,Maize,1899.877439,194.1212618,0.149485252,1
Uttar Pradesh_Market_14,Mustard,5207.466584,539.4218645,0.26270248,0
Uttar Pradesh_Market_14,Onion,1498.737583,158.9314536,0.128636893,1
Uttar Pradesh_Market_14,Potato,1199.857764,125.6607592,0.193774594,1
Uttar Pradesh_Market_14,Rice,2801.826535,297.6503602,0.294454958,2
Uttar Pradesh_Market_14,Soybean,4202.859566,434.6493597,0.245618698,0
Uttar Pradesh_Market_14,Tomato,1799.6293,189.4332617,0.11228676,1
Uttar Pradesh_Market_14,Wheat,2204.05774,229.4667383,0.459854366,2
Uttar Pradesh_Market_15,Maize,1900.340121,203.2501197,0.150188974,1
Uttar Pradesh_Market_15,Mustard,5198.531737,538.1056846,0.161355643,3
Uttar Pradesh_Market_15,Onion,1499.015054,156.5060521,0.170071383,1
Uttar Pradesh_Market_15,Potato,1195.44709,125.7263406,-0.171175469,1
Uttar Pradesh_Market_15,Rice,2798.62575,288.9755787,0.186671402,1
Uttar Pradesh_Market_15,Soybean,4205.640773,445.2854346,0.308766125,0
Uttar Pradesh_Market_15,Tomato,1801.569187,189.9362666,0.282837776,2
Uttar Pradesh_Market_15,Wheat,2195.373686,233.9997075,-0.00854857,1
Uttar Pradesh_Market_16,Maize,1904.635183,202.4063727,0.380943861,2
Uttar Pradesh_Market_16,Mustard,5201.647451,536.9149159,0.146141581,3
Uttar Pradesh_Market_16,Onion,1502.633161,160.5257676,0.41110676,2
Uttar Pradesh_Market_16,Potato,1207.939144,123.648754,0.870926859,2
Uttar Pradesh_Market_16,Rice,2801.288028,300.0468118,0.270078039,2
Uttar Pradesh_Market_16,Soybean,4204.398936,452.9831131,0.303830577,0
Uttar Pradesh_Market_16,Tomato,1798.312777,190.649494,0.109015967,1
Uttar Pradesh_Market_16,Wheat,2198.518944,233.5821382,0.194062117,1
Uttar Pradesh_Market_17,Maize,1898.046371,188.6024509,0.020848868,1
Uttar Pradesh_Market_17,Mustard,5194.587637,527.1851646,0.028706159,3
Uttar Pradesh_Market_17,Onion,1502.341592,153.6377002,0.378939613,2
Uttar Pradesh_Market_17,Potato,1199.101663,127.4095501,0.114430772,1
Uttar Pradesh_Market_17,Rice,2801.049483,290.2721482,0.273772393,2
Uttar Pradesh_Market_17,Soybean,4197.807939,428.6643516,0.108047984,3
Uttar Pradesh_Market_17,Tomato,1805.63014,187.2645821,0.487945238,2
Uttar Pradesh_Market_17,Wheat,2198.486228,222.8129954,0.148815032,1
Uttar Pradesh_Market_18,Maize,1900.461961,196.5199215,0.145522936,1
Uttar Pradesh_Market_18,Mustard,5220.620105,566.040486,0.572575104,0
Uttar Pradesh_Market_18,Onion,1497.250206,159.0356122,0.042304205,1
Uttar Pradesh_Market_18,Potato,1196.147422,122.2835527,-0.169313737,1
Uttar Pradesh_Market_18,Rice,2805.899433,303.7831324,0.423606996,2
Uttar Pradesh_Market_18,Soybean,4204.823183,435.6035408,0.300632177,0
Uttar Pradesh_Market_18,Tomato,1801.966064,183.1929292,0.337501167,2
Uttar Pradesh_Market_18,Wheat,2204.628508,226.7764182,0.475377808,2
Uttar Pradesh_Market_19,Maize,1901.790081,195.8766372,0.214048569,1
Uttar Pradesh_Market_19,Mustard,5199.77357,546.7666536,0.122071675,3
Uttar Pradesh_Market_19,Onion,1501.707071,156.5019127,0.380450165,2
Uttar Pradesh_Market_19,Potato,1197.232058,122.0692765,-0.026840003,1
Uttar Pradesh_Market_19,Rice,2800.849778,289.730456,0.23084646,1
Uttar Pradesh_Market_19,Soybean,4202.406611,451.5429064,0.214699218,3
Uttar Pradesh_Market_19,Tomato,1799.823274,189.8644563,0.109382178,1
Uttar Pradesh_Market_19,Wheat,2203.196262,224.6215916,0.359151362,2
Uttar Pradesh_Market_2,Maize,1899.031598,198.5671662,0.121489701,1
Uttar Pradesh_Market_2,Mustard,5193.07483,558.9228206,0.027612277,3
Uttar Pradesh_Market_2,Onion,1501.865028,158.0564629,0.376194902,2
Uttar Pradesh_Market_2,Potato,1200.813257,126.9683434,0.313418262,2
Uttar Pradesh_Market_2,Rice,2795.364503,294.9258825,0.063226042,1
Uttar Pradesh_Market_2,Soybean,4195.172021,466.5249727,0.123392758,3
Uttar Pradesh_Market_2,Tomato,1795.563289,189.8140441,-0.006589568,1
Uttar Pradesh_Market_2,Wheat,2195.957182,225.0178353,0.009672326,1
Uttar Pradesh_Market_20,Maize,1892.202304,204.0050493,-0.309790228,1
Uttar Pradesh_Market_20,Mustard,5203.37408,551.0270172,0.219062792,0
Uttar Pradesh_Market_20,Onion,1502.617045,157.7878206,0.412707652,2
Uttar Pradesh_Market_20,Potato,1196.3424,122.0193848,-0.113462493,1
Uttar Pradesh_Market_20,Rice,2806.317117,292.8056741,0.468163153,2
Uttar Pradesh_Market_20,Soybean,4205.432895,440.6834083,0.349860359,0
Uttar Pradesh_Market_20,Tomato,1799.693258,185.6619825,0.120677408,1
Uttar Pradesh_Market_20,Wheat,2193.64311,226.7686935,-0.047544025,1
Uttar Pradesh_Market_21,Maize,1898.972627,205.7700103,0.103734691,1
Uttar Pradesh_Market_21,Mustard,5208.92466,569.3006514,0.350411387,0
Uttar Pradesh_Market_21,Onion,1501.216157,157.2059838,0.321323068,2
Uttar Pradesh_Market_21,Potato,1199.221839,125.9527576,0.214158326,1
Uttar Pradesh_Market_21,Rice,2799.787117,292.9139797,0.197835999,1
Uttar Pradesh_Market_21,Soybean,4201.168476,441.8590564,0.256438043,0
Uttar Pradesh_Market_21,Tomato,1811.417212,191.9368988,0.792537246,2
Uttar Pradesh_Market_21,Wheat,2202.570577,226.0596626,0.388029281,2
Uttar Pradesh_Market_22,Maize,1899.716887,199.0652251,0.14140689,1
Uttar Pradesh_Market_22,Mustard,5197.437034,539.0963933,0.144054193,3
Uttar Pradesh_Market_22,Onion,1497.514776,150.2713466,0.042968656,1
Uttar Pradesh_Market_22,Potato,1199.742463,125.9597462,0.220270649,1
Uttar Pradesh_Market_22,Rice,2798.755074,286.6855573,0.208897799,1
Uttar Pradesh_Market_22,Soybean,4197.530483,454.9539727,0.137178395,3
Uttar Pradesh_Market_22,Tomato,1803.663098,184.350726,0.351022859,2
Uttar Pradesh_Market_22,Wheat,2199.890534,224.3208519,0.250504894,2
Uttar Pradesh_Market_23,Maize,1904.816058,201.1530468,0.373844913,2
Uttar Pradesh_Market_23,Mustard,5187.552909,541.6881224,-0.089209704,3
Uttar Pradesh_Market_23,Onion,1498.27502,153.0547481,0.106726664,1
Uttar Pradesh_Market_23,Potato,1205.341934,129.6273868,0.640569714,2
Uttar Pradesh_Market_23,Rice,2799.676542,295.0017471,0.207786793,1
Uttar Pradesh_Market_23,Soybean,4200.174033,445.9092705,0.209955495,3
Uttar Pradesh_Market_23,Tomato,1800.332208,189.6683031,0.168383878,1
Uttar Pradesh_Market_23,Wheat,2209.173896,237.3704944,0.658732206,2
Uttar Pradesh_Market_24,Maize,1905.699127,200.0750353,0.467933187,2
Uttar Pradesh_Market_24,Mustard,5197.061982,532.8648344,0.125063821,3
Uttar Pradesh_Market_24,Onion,1502.294419,153.3507114,0.355309735,2
Uttar Pradesh_Market_24,Potato,1199.872638,126.1391525,0.171701641,1
Uttar Pradesh_Market_24,Rice,2804.501019,289.4015202,0.320150632,2
Uttar Pradesh_Market_24,Soybean,4201.308587,437.290209,0.20858885,3
Uttar Pradesh_Market_24,Tomato,1795.276405,186.1012508,-0.091886141,1
Uttar Pradesh_Market_24,Wheat,2201.151876,223.1272044,0.359519633,2
Uttar Pradesh_Market_3,Maize,1903.662495,195.2012386,0.310127863,2
Uttar Pradesh_Market_3,Mustard,5194.399662,542.2209493,0.054341455,3
Uttar Pradesh_Market_3,Onion,1499.699843,160.9065656,0.230918805,2
Uttar Pradesh_Market_3,Potato,1199.377474,126.4718338,0.156382677,1
Uttar Pradesh_Market_3,Rice,2807.687475,303.8764417,0.508825383,2
Uttar Pradesh_Market_3,Soybean,4199.69964,440.2356298,0.161198286,3
Uttar Pradesh_Market_3,Tomato,1797.886741,187.5830714,0.012759164,1
Uttar Pradesh_Market_3,Wheat,2196.831513,229.5232005,0.144758098,1
Uttar Pradesh_Market_4,Maize,1896.360355,197.8431438,-0.054344742,1
Uttar Pradesh_Market_4,Mustard,5207.564485,543.3834728,0.286688443,0
Uttar Pradesh_Market_4,Onion,1500.528784,156.2612586,0.226033104,1
Uttar Pradesh_Market_4,Potato,1200.293796,121.3625525,0.241826549,2
Uttar Pradesh_Market_4,Rice,2799.264226,290.7130724,0.209198375,1
Uttar Pradesh_Market_4,Soybean,4209.666531,457.2521464,0.4475979,0
Uttar Pradesh_Market_4,Tomato,1799.572775,189.594861,0.143527892,1
Uttar Pradesh_Market_4,Wheat,2201.768909,230.0417443,0.338425764,2
Uttar Pradesh_Market_5,Maize,1906.224386,207.1543781,0.521021947,2
Uttar Pradesh_Market_5,Mustard,5209.893029,562.4408641,0.39616876,0
Uttar Pradesh_Market_5,Onion,1497.652077,154.2869615,0.020826556,1
Uttar Pradesh_Market_5,Potato,1200.942513,123.3594184,0.269880554,2
Uttar Pradesh_Market_5,Rice,2802.427235,296.3326315,0.262123282,2
Uttar Pradesh_Market_5,Soybean,4218.260016,442.0943707,0.615214672,0
Uttar Pradesh_Market_5,Tomato,1798.51258,193.2351114,0.128444411,1
Uttar Pradesh_Market_5,Wheat,2199.40889,227.9290116,0.211335701,1
Uttar Pradesh_Market_6,Maize,1897.931736,201.5842876,0.054339437,1
Uttar Pradesh_Market_6,Mustard,5190.106667,528.8892062,-0.043332681,3
Uttar Pradesh_Market_6,Onion,1497.004254,156.1212241,0.036525827,1
Uttar Pradesh_Market_6,Potato,1200.115827,132.7902723,0.159336592,1
Uttar Pradesh_Market_6,Rice,2796.029857,289.6206601,0.03155959,1
Uttar Pradesh_Market_6,Soybean,4218.733473,438.9640752,0.697758079,0
Uttar Pradesh_Market_6,Tomato,1799.838677,187.3513831,0.139173522,1
Uttar Pradesh_Market_6,Wheat,2191.640229,227.8904415,-0.094735247,1
Uttar Pradesh_Market_7,Maize,1905.080365,207.1403047,0.438226039,2
Uttar Pradesh_Market_7,Mustard,5208.486733,551.5480588,0.275666941,0
Uttar Pradesh_Market_7,Onion,1500.56517,162.5115679,0.285353967,2
Uttar Pradesh_Market_7,Potato,1200.250302,124.9936347,0.24060303,2
Uttar Pradesh_Market_7,Rice,2803.719767,280.0060235,0.339574282,2
Uttar Pradesh_Market_7,Soybean,4193.189101,442.5140595,0.017630332,3
Uttar Pradesh_Market_7,Tomato,1800.603562,190.9195359,0.21376251,1
Uttar Pradesh_Market_7,Wheat,2198.700282,221.6820032,0.204125485,1
Uttar Pradesh_Market_8,Maize,1905.067362,213.6809805,0.399279968,2
Uttar Pradesh_Market_8,Mustard,5204.404065,552.7099648,0.178362918,3
Uttar Pradesh_Market_8,Onion,1503.615669,152.4174081,0.465401864,2
Uttar Pradesh_Market_8,Potato,1199.854216,129.610888,0.210214414,1
Uttar Pradesh_Market_8,Rice,2802.904876,286.1315782,0.312322355,2
Uttar Pradesh_Market_8,Soybean,4195.56917,436.901862,0.100152302,3
Uttar Pradesh_Market_8,Tomato,1799.856735,189.5433529,0.136833931,1
Uttar Pradesh_Market_8,Wheat,2208.82424,225.0157632,0.645542296,2
Uttar Pradesh_Market_9,Maize,1896.453031,203.3763133,-0.005648451,1
Uttar Pradesh_Market_9,Mustard,5210.522182,550.3293662,0.331924666,0
Uttar Pradesh_Market_9,Onion,1503.772306,156.8789753,0.418657832,2
Uttar Pradesh_Market_9,Potato,1202.266442,127.9959045,0.402133285,2
Uttar Pradesh_Market_9,Rice,2802.572568,293.0134329,0.306904917,2
Uttar Pradesh_Market_9,Soybean,4205.038735,446.655253,0.303059733,0
Uttar Pradesh_Market_9,Tomato,1806.178644,175.8312716,0.536106611,2
Uttar Pradesh_Market_9,Wheat,2203.260802,234.4635259,0.396894114,2
West Bengal_Market_0,Maize,1901.6125,193.5173263,0.322953216,2
West Bengal_Market_0,Mustard,5203.174566,539.3779122,0.289371079,0
West Bengal_Market_0,Onion,1502.839454,161.411742,0.320767762,2
West Bengal_Market_0,Potato,1202.372168,125.2073595,0.392216373,2
West Bengal_Market_0,Rice,2800.149369,301.1868226,0.159111724,1
West Bengal_Market_0,Soybean,4209.507362,437.7077751,0.449229315,0
West Bengal_Market_0,Tomato,1804.571515,191.5708071,0.51212189,2
West Bengal_Market_0,Wheat,2200.497619,234.3541157,0.244293423,2
West Bengal_Market_1,Maize,1903.8448,201.6277932,0.418583794,2
West Bengal_Market_1,Mustard,5210.885511,523.5063149,0.3653999,0
West Bengal_Market_1,Onion,1505.136819,163.6197438,0.529976461,2
West Bengal_Market_1,Potato,1201.285406,122.19093,0.244440931,2
West Bengal_Market_1,Rice,2808.834653,296.4741305,0.585947033,2
West Bengal_Market_1,Soybean,4193.186109,446.2006562,0.016931105,3
West Bengal_Market_1,Tomato,1801.513487,187.1713619,0.286432444,2
West Bengal_Market_1,Wheat,2201.019663,221.0185111,0.194559085,1
West Bengal_Market_10,Maize,1898.485025,189.764461,0.116961925,1
West Bengal_Market_10,Mustard,5215.405363,538.3641697,0.514756157,0
West Bengal_Market_10,Onion,1498.609809,151.456399,0.110764966,1
West Bengal_Market_10,Potato,1200.956971,125.4189181,0.28291965,2
West Bengal_Market_10,Rice,2797.291583,299.9933185,0.144554996,1
West Bengal_Market_10,Soybean,4207.20436,430.3729771,0.389287443,0
West Bengal_Market_10,Tomato,1799.052468,197.5396083,0.141633163,1
West Bengal_Market_10,Wheat,2198.666667,232.9989425,0.124450893,1
West Bengal_Market_11,Maize,1897.863105,192.5477741,0.134979836,1
West Bengal_Market_11,Mustard,5194.869721,535.0499131,0.127544775,3
West Bengal_Market_11,Onion,1497.607609,152.8976344,0.03242924,1
West Bengal_Market_11,Potato,1199.581225,125.8571437,0.143708386,1
West Bengal_Market_11,Rice,2796.283173,306.1166732,0.094662308,1
West Bengal_Market_11,Soybean,4197.371841,429.5784919,0.121047365,3
West Bengal_Market_11,Tomato,1800.627003,190.0882248,0.240431693,2
West Bengal_Market_11,Wheat,2199.003698,231.5640844,0.160744853,1
West Bengal_Market_12,Maize,1902.983858,205.0057312,0.365526594,2
West Bengal_Market_12,Mustard,5185.882098,550.5138187,-0.03404203,3
West Bengal_Market_12,Onion,1502.510312,153.9601736,0.279006482,2
West Bengal_Market_12,Potato,1202.467739,127.3042004,0.369716324,2
West Bengal_Market_12,Rice,2800.07973,285.0006182,0.208533919,1
West Bengal_Market_12,Soybean,4191.684725,431.7277112,0.021826393,3
West Bengal_Market_12,Tomato,1804.08655,196.1724535,0.460199911,2
West Bengal_Market_12,Wheat,2201.422168,232.3540853,0.259967948,2
West Bengal_Market_13,Maize,1898.226566,192.1512517,0.158306651,1
West Bengal_Market_13,Mustard,5190.134185,546.656104,0.007350622,3
West Bengal_Market_13,Onion,1502.632679,164.3527804,0.311375717,2
West Bengal_Market_13,Potato,1201.470267,123.3775075,0.291364204,2
West Bengal_Market_13,Rice,2797.453761,284.8713482,0.114231843,1
West Bengal_Market_13,Soybean,4196.752679,442.2982609,0.140924997,3
West Bengal_Market_13,Tomato,1799.247232,188.6053755,0.143923054,1
West Bengal_Market_13,Wheat,2194.921353,229.4661388,-0.038289514,1
West Bengal_Market_14,Maize,1901.070344,198.0049531,0.277308196,2
West Bengal_Market_14,Mustard,5205.339357,541.8099117,0.318034675,0
West Bengal_Market_14,Onion,1495.824004,152.4082201,-0.121041713,1
West Bengal_Market_14,Potato,1203.252833,124.5712513,0.438484289,2
West Bengal_Market_14,Rice,2798.315654,299.6455214,0.214011911,1
West Bengal_Market_14,Soybean,4185.832858,435.5906078,-0.130705447,3
West Bengal_Market_14,Tomato,1797.705482,191.7297889,0.103942382,1
West Bengal_Market_14,Wheat,2199.972951,233.5331892,0.172132037,1
West Bengal_Market_15,Maize,1895.545777,201.0635178,0.031388004,1
West Bengal_Market_15,Mustard,5206.364176,549.6051059,0.319196698,0
West Bengal_Market_15,Onion,1501.611642,152.9860106,0.291772626,2
West Bengal_Market_15,Potato,1200.932457,126.5153897,0.207018232,1
West Bengal_Market_15,Rice,2785.86152,309.4824272,-0.270930556,1
West Bengal_Market_15,Soybean,4199.69897,452.0055269,0.20078347,3
West Bengal_Market_15,Tomato,1803.222978,192.4593348,0.395523271,2
West Bengal_Market_15,Wheat,2201.722333,218.6457252,0.176494082,1
West Bengal_Market_16,Maize,1894.519373,195.7104632,-0.049188254,1
West Bengal_Market_16,Mustard,5209.77681,552.478314,0.38153172,0
West Bengal_Market_16,Onion,1501.226,150.4530146,0.261528552,2
West Bengal_Market_16,Potato,1203.436232,125.1540168,0.445811479,2
West Bengal_Market_16,Rice,2800.344487,306.6926723,0.233459893,1
West Bengal_Market_16,Soybean,4208.013248,452.8199832,0.356664985,0
West Bengal_Market_16,Tomato,1805.002056,187.8599279,0.487977683,2
West Bengal_Market_16,Wheat,2192.771479,227.0456241,-0.24873038,1
West Bengal_Market_17,Maize,1897.741176,198.446154,0.130236742,1
West Bengal_Market_17,Mustard,5214.701577,545.4748676,0.530684849,0
West Bengal_Market_17,Onion,1509.33205,160.2215846,0.765776005,2
West Bengal_Market_17,Potato,1196.362621,121.4396515,-0.190033963,1
West Bengal_Market_17,Rice,2793.504045,294.3996572,0.008239337,1
West Bengal_Market_17,Soybean,4201.669538,439.0864359,0.246383638,0
West Bengal_Market_17,Tomato,1800.899444,182.704503,0.305028317,2
West Bengal_Market_17,Wheat,2204.298277,235.1012181,0.318570931,2
West Bengal_Market_18,Maize,1905.839992,200.6219607,0.533040641,2
West Bengal_Market_18,Mustard,5188.043232,584.9599049,-0.052823955,3
West Bengal_Market_18,Onion,1493.131878,148.9056724,-0.276798878,1
West Bengal_Market_18,Potato,1200.723594,130.2074617,0.186012147,1
West Bengal_Market_18,Rice,2795.397882,287.1740239,0.062616215,1
West Bengal_Market_18,Soybean,4199.842359,426.3686009,0.228904267,0
West Bengal_Market_18,Tomato,1797.711279,183.0521174,0.079090895,1
West Bengal_Market_18,Wheat,2206.282176,228.4942534,0.480448029,2
West Bengal_Market_19,Maize,1897.882813,198.847526,0.121436652,1
West Bengal_Market_19,Mustard,5188.407436,534.3748079,-0.034370234,3
West Bengal_Market_19,Onion,1501.712146,156.2395676,0.249444427,2
West Bengal_Market_19,Potato,1200.822937,129.5381668,0.244618374,2
West Bengal_Market_19,Rice,2804.067896,286.3488722,0.364480436,2
West Bengal_Market_19,Soybean,4212.549398,422.3794545,0.502474777,0
West Bengal_Market_19,Tomato,1802.470204,181.9044059,0.350954358,2
West Bengal_Market_19,Wheat,2192.12861,227.1364391,-0.135608232,1
West Bengal_Market_2,Maize,1899.915606,197.9918604,0.235018486,2
West Bengal_Market_2,Mustard,5192.748089,556.0751005,0.063927978,3
West Bengal_Market_2,Onion,1498.984231,153.7249375,0.121626513,1
West Bengal_Market_2,Potato,1201.830921,129.6115556,0.300548071,2
West Bengal_Market_2,Rice,2807.694754,304.5134735,0.48199686,2
West Bengal_Market_2,Soybean,4199.04728,440.1527755,0.247400907,0
West Bengal_Market_2,Tomato,1798.257241,187.769568,0.109232893,1
West Bengal_Market_2,Wheat,2200.694346,224.9076795,0.2158718,1
West Bengal_Market_20,Maize,1902.035006,198.0983714,0.349003057,2
West Bengal_Market_20,Mustard,5197.230276,524.3618514,0.172411808,3
West Bengal_Market_20,Onion,1501.590283,156.9070484,0.207694196,1
West Bengal_Market_20,Potato,1201.210925,124.0327675,0.193931755,1
West Bengal_Market_20,Rice,2806.033608,285.8091033,0.43484461,2
West Bengal_Market_20,Soybean,4204.251502,446.3086141,0.264597127,0
West Bengal_Market_20,Tomato,1808.2499,185.1974576,0.672485084,2
West Bengal_Market_20,Wheat,2203.951122,231.6315037,0.320189686,2
West Bengal_Market_21,Maize,1893.424224,197.3708774,-0.131904251,1
West Bengal_Market_21,Mustard,5207.607061,547.2386762,0.350264545,0
West Bengal_Market_21,Onion,1494.532874,154.1638039,-0.224112247,1
West Bengal_Market_21,Potato,1198.540161,127.0504743,0.105066783,1
West Bengal_Market_21,Rice,2804.006231,294.3053861,0.361173165,2
West Bengal_Market_21,Soybean,4195.661174,432.5085366,0.083660069,3
West Bengal_Market_21,Tomato,1803.114886,184.0060405,0.435857682,2
West Bengal_Market_21,Wheat,2202.192458,234.1700524,0.236748,2
West Bengal_Market_22,Maize,1894.149176,205.2547116,-0.043365271,1
West Bengal_Market_22,Mustard,5212.813208,530.4474499,0.468895163,0
West Bengal_Market_22,Onion,1504.411254,160.4613113,0.453426316,2
West Bengal_Market_22,Potato,1203.610151,126.242082,0.459754726,2
West Bengal_Market_22,Rice,2799.660757,300.3516573,0.270654718,2
West Bengal_Market_22,Soybean,4211.815317,460.069221,0.4454606,0
West Bengal_Market_22,Tomato,1791.100897,185.6129753,-0.27349385,1
West Bengal_Market_22,Wheat,2203.610823,238.3053105,0.274959125,2
West Bengal_Market_23,Maize,1900.069389,213.9189382,0.239750883,2
West Bengal_Market_23,Mustard,5200.772939,564.3628017,0.265623979,0
West Bengal_Market_23,Onion,1505.365805,154.7098144,0.53322934,2
West Bengal_Market_23,Potato,1198.639404,120.987868,0.006181171,1
West Bengal_Market_23,Rice,2800.986481,300.3681905,0.333053679,2
West Bengal_Market_23,Soybean,4211.122921,437.2952692,0.512044677,0
West Bengal_Market_23,Tomato,1798.681962,188.0498805,0.155815343,1
West Bengal_Market_23,Wheat,2194.149379,241.0643203,-0.089492563,1
West Bengal_Market_24,Maize,1899.80004,196.7576993,0.193250025,1
West Bengal_Market_24,Mustard,5199.466071,569.1602495,0.226594355,0
West Bengal_Market_24,Onion,1495.436219,153.4334655,-0.134126238,1
West Bengal_Market_24,Potato,1201.944124,128.0869716,0.303940823,2
West Bengal_Market_24,Rice,2797.412936,310.3380978,0.159013877,1
West Bengal_Market_24,Soybean,4192.744559,443.2910137,0.075157953,3
West Bengal_Market_24,Tomato,1796.620949,190.3349366,0.053665401,1
West Bengal_Market_24,Wheat,2202.378083,241.9352656,0.277095111,2
West Bengal_Market_3,Maize,1899.417194,202.6033809,0.137448489,1
West Bengal_Market_3,Mustard,5189.692901,547.4489063,0.029829211,3
West Bengal_Market_3,Onion,1504.1461,159.4926052,0.413060812,2
West Bengal_Market_3,Potato,1197.346709,125.3302349,-0.046884072,1
West Bengal_Market_3,Rice,2795.355831,290.3726847,0.024359276,1
West Bengal_Market_3,Soybean,4198.041021,446.1968303,0.09959009,3
West Bengal_Market_3,Tomato,1798.810124,189.0453937,0.162758191,1
West Bengal_Market_3,Wheat,2199.335717,215.0654957,0.149360305,1
West Bengal_Market_4,Maize,1904.181581,195.5440976,0.435571882,2
West Bengal_Market_4,Mustard,5210.454907,559.0213965,0.408780912,0
West Bengal_Market_4,Onion,1500.086136,156.5339952,0.159005793,1
West Bengal_Market_4,Potato,1201.651017,119.2321189,0.301556475,2
West Bengal_Market_4,Rice,2793.868484,304.5358063,0.008486584,1
West Bengal_Market_4,Soybean,4203.829464,429.1148592,0.316212894,0
West Bengal_Market_4,Tomato,1795.559735,187.239088,0.055682527,1
West Bengal_Market_4,Wheat,2199.761857,237.9819693,0.13110597,1
West Bengal_Market_5,Maize,1898.991154,195.0403271,0.21517068,1
West Bengal_Market_5,Mustard,5220.816056,538.5011859,0.623824359,0
West Bengal_Market_5,Onion,1500.131243,157.8576913,0.206096374,1
West Bengal_Market_5,Potato,1200.690311,125.4943964,0.151893557,1
West Bengal_Market_5,Rice,2802.183806,298.7060205,0.304496928,2
West Bengal_Market_5,Soybean,4202.083236,431.9900751,0.310512124,0
West Bengal_Market_5,Tomato,1795.931671,188.056347,0.007986656,1
West Bengal_Market_5,Wheat,2201.794866,226.8073421,0.273115689,2
West Bengal_Market_6,Maize,1899.760799,199.8781484,0.210094394,1
West Bengal_Market_6,Mustard,5200.273727,524.726538,0.204080394,3
West Bengal_Market_6,Onion,1500.309904,164.4559344,0.162674085,1
West Bengal_Market_6,Potato,1201.400499,130.8176161,0.261387426,2
West Bengal_Market_6,Rice,2805.165501,281.4132506,0.33950086,2
West Bengal_Market_6,Soybean,4214.040223,430.4605316,0.613518975,0
West Bengal_Market_6,Tomato,1800.139023,190.8017465,0.275187116,2
West Bengal_Market_6,Wheat,2209.972826,228.5502085,0.655261351,2
West Bengal_Market_7,Maize,1901.060575,200.8425584,0.296857111,2
West Bengal_Market_7,Mustard,5205.527205,530.545752,0.331940559,0
West Bengal_Market_7,Onion,1499.801721,154.0268446,0.11511154,1
West Bengal_Market_7,Potato,1203.616082,129.4399915,0.475010396,2
West Bengal_Market_7,Rice,2811.965832,277.564697,0.664484535,2
West Bengal_Market_7,Soybean,4203.60139,447.6920813,0.251371412,0
West Bengal_Market_7,Tomato,1804.139976,191.6652561,0.448079875,2
West Bengal_Market_7,Wheat,2200.978261,228.672627,0.232688452,2
West Bengal_Market_8,Maize,1902.344713,200.3025984,0.399435677,2
West Bengal_Market_8,Mustard,5195.085885,531.9192201,0.07876828,3
West Bengal_Market_8,Onion,1495.776677,156.1511496,-0.10191303,1
West Bengal_Market_8,Potato,1198.594552,120.6115876,0.050988894,1
West Bengal_Market_8,Rice,2792.022791,280.9157929,-0.01176314,1
West Bengal_Market_8,Soybean,4201.372235,439.3889651,0.253420419,0
West Bengal_Market_8,Tomato,1803.24272,191.4893931,0.428434431,2
West Bengal_Market_8,Wheat,2201.5535,230.7636734,0.286859373,2
West Bengal_Market_9,Maize,1898.481437,196.1028024,0.187496724,1
West Bengal_Market_9,Mustard,5188.674343,532.2025019,-0.042728078,3
West Bengal_Market_9,Onion,1495.321213,158.8626138,-0.192134435,1
West Bengal_Market_9,Potato,1201.859825,123.6791617,0.284220305,2
West Bengal_Market_9,Rice,2792.13294,297.2739995,-0.006575741,1
West Bengal_Market_9,Soybean,4191.819799,432.0958326,0.036972726,3
West Bengal_Market_9,Tomato,1801.3833,189.9329232,0.237534587,2
West Bengal_Market_9,Wheat,2199.003792,230.1957928,0.060483611,1
